Words,Pinyin,En.translation,Word_Length,CLDC_wfpm,CLDC_logfpm,CLDC_zipf,SUBTLEX_freq,AoA_in_years,PhonologicalN,C1_stroke,C2_stroke,C3_stroke,C1_pinyin,C2_pinyin,C3_pinyin,C1_PN,C2_PN,C3_PN,C1_characterfrequency,C2_characterfrequency,C3_characterfrequency,C1_syllablefrequency,C2_syllablefrequency,C3_syllablefrequency,C1_AoA,C2_AoA,C3_AoA
风扇,feng1shan4,electric fan,2,2.293176135,0.51761496,3.360573028,1.8751,5.8,3,4,10,NA,feng1,shan4,NA,21,25,NA,867.7127801,27.49201128,NA,1409.316233,1059.740446,NA,6.5,7,NA
风筝,feng1zheng5,kite,2,3.781920642,0.679602365,3.577780207,2.0212,7.428571429,2,4,12,NA,feng1,zheng1,NA,21,21,NA,867.7127801,6.976769742,NA,1409.316233,1330.082705,NA,6.5,7.5,NA
枫叶,feng1ye4,maple leaf,2,0.586943892,0.200561572,2.7692327,1.5051,9.5,0,8,5,NA,feng1,ye4,NA,21,4,NA,0.943824891,199.4746663,NA,1409.316233,510.1410537,NA,7.5,6.5,NA
蜂窝,feng1wo1,honeycomb,2,2.092068228,0.490249068,3.320728018,1.5315,NA,0,13,12,NA,feng1,wo1,NA,21,4,NA,29.14690026,34.82935846,NA,1409.316233,45.21950489,NA,7.5,7,NA
凤凰,feng4huang2,phoenix,2,7.375473245,0.923009356,3.867806782,2.4814,10.04761905,1,4,11,NA,feng4,huang2,NA,18,7,NA,50.40213281,6.232742422,NA,183.9604185,535.1924401,NA,8.5,8.5,NA
胡子,hu2zi5,beard,2,9.240953831,1.010340408,3.965722875,2.8965,8.5,5,9,3,NA,hu2,zi,NA,21,6,NA,164.7778335,3310.14391,NA,508.6388719,825.9382697,NA,7.5,6.5,NA
葫芦,hu2lu5,calabash,2,5.388963918,0.805430435,3.731541915,1.6435,8.45,3,12,7,NA,hu2,lu2,NA,21,15,NA,5.181955194,9.607774125,NA,508.6388719,1258.857226,NA,7.5,7.5,NA
湖泊,hu2po1,lake,2,5.28886496,0.798572269,3.723400505,1.4472,8.681818182,1,12,8,NA,hu2,po1,NA,21,16,NA,217.0938521,33.92791487,NA,508.6388719,494.6934051,NA,7.5,8,NA
蝴蝶,hu2die2,butterfly,2,5.837589249,0.834903008,3.766264538,2.5944,7.086956522,0,15,15,NA,hu2,die2,NA,21,5,NA,4.655888861,6.244851365,NA,508.6388719,67.98162822,NA,7.5,7.5,NA
护士,hu4shi5,nurse,2,7.284474192,0.918264949,3.862415768,3.1351,9.304347826,10,7,3,NA,hu4,shi4,NA,23,13,NA,548.4846967,364.3910799,NA,1258.857226,18835.466,NA,7,7,NA
交警,jiao1jing3,traffic police,2,4.309715149,0.725071223,3.634503567,1.5051,NA,1,6,19,NA,jiao1,jing3,NA,14,12,NA,1093.708724,141.7809312,NA,2072.178649,547.6067983,NA,7,9,NA
胶卷,jiao1juan3,film,2,2.80004086,0.579788266,3.447268798,1.9031,NA,1,10,8,NA,jiao1,juan3,NA,14,4,NA,70.30654541,175.9913881,NA,2072.178649,55.63857825,NA,9,8.5,NA
脚印,jiao3yin4,footprint,2,2.659902319,0.563469494,3.424977551,2.382,6.772727273,0,11,5,NA,jiao3,yin4,NA,15,7,NA,175.0643812,409.4672956,NA,564.1684697,6372.736611,NA,7,8.5,NA
轿车,jiao4che1,car,2,21.86525245,1.359176001,4.33973588,2.6375,8.45,1,10,4,NA,jiao4,che1,NA,14,12,NA,44.22118976,1045.048261,NA,1683.873078,1045.020679,NA,7.5,6.5,NA
教堂,jiao4tang2,church,2,18.19617064,1.283214602,4.259965029,3.3377,10,5,11,11,NA,jiao4,tang2,NA,14,22,NA,1576.708253,215.0481133,NA,2072.178649,456.8368107,NA,7,8,NA
精灵,jing1ling2,demon,2,3.146747252,0.617707566,3.497950744,2.7642,8.95,3,14,7,NA,jing1,ling2,NA,10,13,NA,814.6655158,225.9266538,NA,6299.095397,456.9908634,NA,8,7.5,NA
鲸鱼,jing1yu2,whale,2,0.866310984,0.270984012,2.938093083,2.2989,9.703703704,2,16,8,NA,jing1,yu2,NA,10,8,NA,1.354856259,156.4488983,NA,6299.095397,4175.387138,NA,NA,6.5,NA
井盖,jing3gai4,well cover,2,0.619703551,0.209435534,2.792784557,NA,9.473684211,NA,4,11,NA,jing3,gai4,NA,NA,NA,NA,79.95804628,134.857979,NA,547.6067983,358.5982957,NA,7,7.5,NA
静脉,jing4mai4,vein,2,6.136066143,0.853458867,3.787917744,2.179,13,6,14,9,NA,jing4,mai4,NA,11,20,NA,213.5082593,44.90332692,NA,1155.543045,349.2999724,NA,7,10,NA
镜子,jing4zi5,mirror,2,8.057056151,0.95698706,3.906188748,2.6222,7.8,3,16,3,NA,jing4,zi,NA,11,6,NA,84.36704723,3310.14391,NA,1155.543045,825.9382697,NA,7,6.5,NA
拉链,la1lian4,zipper,2,0.794421733,0.25392452,2.900511615,2.1614,5.2,3,8,12,NA,la1,lian4,NA,23,8,NA,691.3298695,64.44245305,NA,707.4145831,458.0530868,NA,7.5,9.5,NA
喇叭,la3ba5,horn,2,4.875729259,0.769061776,3.688083939,2.1875,9.368421053,3,12,5,NA,la3,ba1,NA,22,13,NA,9.102562084,10.58792585,NA,707.4145831,830.2113814,NA,8.5,8.5,NA
腊梅,la4mei2,wintersweet,2,0.471375094,0.167723401,2.67416754,NA,NA,NA,12,11,NA,la4,mei2,NA,NA,NA,NA,41.55722214,15.70059097,NA,83.55372984,1770.88122,NA,7.5,8,NA
蜡烛,la4zhu2,candle,2,5.064097299,0.782766161,3.704543384,2.5065,6.761904762,0,14,10,NA,la4,zhu2,NA,22,21,NA,17.8539648,8.337007753,NA,4905.808714,320.0925274,NA,8.5,8.5,NA
辣椒,la4jiao1,pepper,2,3.632682195,0.665832508,3.560299493,2.1461,6.052631579,0,14,12,NA,la4,jiao1,NA,22,14,NA,23.7335297,8.469533415,NA,83.55372984,2072.178649,NA,8,9.5,NA
罗盘,luo2pan2,compass,2,1.186627651,0.339774836,3.074610694,1.2304,NA,0,8,11,NA,luo2,pan2,NA,16,19,NA,473.4771903,162.829639,NA,3.331304962,165.9510556,NA,9.5,8.5,NA
萝卜,luo2bo5,carrot,2,7.431892657,0.925925069,3.871115911,1.8062,5.545454545,0,11,2,NA,luo2,bo,NA,16,13,NA,10.40427353,13.12474956,NA,555.4426303,19.33,NA,8.5,8.5,NA
螺丝,luo2si1,screw,2,1.441424999,0.387643387,3.159029449,1.8692,8.352941176,1,17,5,NA,luo2,si1,NA,16,10,NA,28.94844813,145.3947782,NA,555.4426303,2878.815262,NA,8,8,NA
骆驼,luo4tuo5,camel,2,4.573612403,0.746136764,3.660309068,1.9868,8.14285714,0,9,8,NA,luo4,tuo2,NA,18,13,NA,3.899752598,13.42612771,NA,593.5185311,27.42944841,NA,7.5,7.5,NA
落日,luo4ri4,sunset,2,1.778121495,0.443751235,3.250146944,1.4624,10.38461538,2,12,4,NA,luo4,ri4,NA,18,8,NA,420.5456336,3215.388735,NA,83.55372984,3215.388735,NA,7,6.5,NA
麻花,ma2hua1,fried dough twist,2,0.592403835,0.202053215,2.773247778,1.1139,NA,1,11,7,NA,ma2,hua1,NA,19,7,NA,127.3517793,618.8457324,NA,166.0748359,617.5130758,NA,9,6.5,NA
麻雀,ma2que4,sparrow,2,2.699941902,0.568194905,3.431464079,1.5315,7.6875,0,11,11,NA,ma2,que4,NA,19,7,NA,127.3517793,9.858698348,NA,166.0748359,72.08588742,NA,9,7.5,NA
马蹄,ma3ti2,waternut,2,2.819150662,0.581966791,3.450221759,1,NA,0,3,16,NA,ma3,ti2,NA,21,14,NA,1015.390094,16.34101955,NA,1130.365187,7236.127844,NA,6.5,8,NA
马桶,ma3tong3,toilet,2,1.499664393,0.397881704,3.176220838,2.4265,9.65,2,3,11,NA,ma3,tong3,NA,21,17,NA,1015.390094,18.28046871,NA,1130.365187,1221.666623,NA,6.5,8,NA
蚂蚁,ma3yi3,ant,2,4.008508284,0.699708396,3.603044675,2.1004,6.888888889,0,9,9,NA,ma3,yi3,NA,21,7,NA,3.669682667,4.364601493,NA,166.0748359,5722.290572,NA,7,7,NA
狮子,shi1zi5,lion,2,7.112485981,0.909153959,3.852040294,2.3201,6.65,5,9,3,NA,shi1,zi,NA,12,6,NA,10.72246967,3310.14391,NA,2154.6715,825.9382697,NA,9,6.5,NA
石头,shi2tou5,stone,2,15.470749,1.216713349,4.189500194,2.8645,6.111111111,2,5,5,NA,shi2,tou2,NA,10,9,NA,518.2170464,1185.230139,NA,1771.029891,1183.902864,NA,6.5,6.5,NA
食指,shi2zhi3,forefinger,2,2.239486694,0.5104762,3.350288231,1.699,7.772727273,4,9,9,NA,shi2,zhi3,NA,10,12,NA,418.3384423,953.2093227,NA,9332.481998,5144.921335,NA,7,7.5,NA
士兵,shi4bing1,soldier,2,29.77034018,1.488132298,4.473760382,2.7853,8.9,1,3,7,NA,shi4,bing1,NA,13,11,NA,364.3910799,545.7184758,NA,18835.466,675.7409499,NA,7,9.5,NA
试管,shi4guan3,test tube,2,1.294006533,0.36059465,3.112205082,1.3424,NA,3,8,14,NA,shi4,guan3,NA,13,14,NA,330.642781,1158.543372,NA,18835.466,1449.496399,NA,8,8,NA
书包,shu1bao1,schoolbag,2,3.12490748,0.615414212,3.494926924,1.8129,7.380952381,2,4,5,NA,shu1,bao1,NA,22,22,NA,1195.624994,585.9659138,NA,1634.862801,706.3032511,NA,6.5,6.5,NA
梳子,shu1zi5,comb,2,0.837191287,0.264154377,2.923259813,1.716,NA,4,11,3,NA,shu1,zi,NA,22,6,NA,14.94176383,3310.14391,NA,1634.862801,825.9382697,NA,7,6.5,NA
鼠标,shu3biao1,mouse,2,5.021327744,0.779692267,3.700860576,1.1761,12.3,0,13,9,NA,shu3,biao1,NA,24,10,NA,18.16207015,719.78656,NA,562.371637,737.896158,NA,7.5,9.5,NA
树枝,shu4zhi1,branch,2,4.953988445,0.774807987,3.694998066,2.1239,7.35,3,9,8,NA,shu4,zhi1,NA,25,12,NA,256.7869696,57.28875819,NA,2515.655258,2585.364429,NA,6.5,7.5,NA
竖琴,shu4qin2,harp,2,0.811711553,0.258089054,2.909851641,1.3802,12.68181818,3,9,12,NA,shu4,qin2,NA,25,11,NA,16.09211349,74.83259949,NA,2515.655258,264.2696241,NA,8,7.5,NA
相机,xiang4ji1,camera,2,14.33144085,1.185582972,4.15628074,2.5079,8.7,0,9,6,NA,xiang1,ji1,NA,9,14,NA,1547.532426,2181.919987,NA,2292.646187,4380.783078,NA,7,7,NA
香蕉,xiang1jiao1,banana,2,3.388804733,0.642346259,3.530126459,2.4048,6.782608696,2,9,15,NA,xiang1,jiao1,NA,8,14,NA,343.8644021,3.590301814,NA,2292.646187,2072.178649,NA,7,9,NA
箱子,xiang1zi5,case,2,5.984097724,0.844110308,3.777028024,2.8035,6.173913043,2,15,3,NA,xiang1,zi,NA,8,6,NA,123.1385396,3310.14391,NA,2292.646187,825.9382697,NA,9,6.5,NA
项链,xiang4lian4,necklace,2,2.93653944,0.595114607,3.467933708,2.4757,8.857142857,2,9,12,NA,xiang4,lian4,NA,9,8,NA,521.2590822,64.44245305,NA,2986.348737,458.0530868,NA,9.5,9.5,NA
橡皮,xiang4pi2,eraser,2,2.355055491,0.525699708,3.372132233,1.7924,6.826086957,1,15,5,NA,xiang4,pi2,NA,9,15,NA,11.2169182,264.2756786,NA,2986.348737,336.007043,NA,8,6.5,NA
烟囱,yan1cong1,chimney,2,2.531593654,0.547970728,3.403513389,1.8808,8.714285714,0,10,7,NA,yan1,cong1,NA,23,14,NA,166.3755413,1.871504524,NA,196.0700349,139.0732368,NA,7.5,8,NA
烟斗,yan1dou3,smoking pipe,2,1.895510274,0.46172511,3.277897897,1.6628,NA,0,10,4,NA,yan1,dou4,NA,23,16,NA,166.3755413,436.5314575,NA,196.0700349,259.0129971,NA,7.5,7,NA
颜料,yan2liao4,paint,2,2.618042754,0.558473695,3.418090972,1.7782,9.1,1,15,10,NA,yan2,liao4,NA,18,13,NA,34.22391127,665.1772419,NA,2451.203387,244.3793386,NA,7,7.5,NA
眼镜,yan3jing4,glasses,2,11.88811628,1.110189446,4.075109596,2.6964,9.222222222,2,11,16,NA,yan3,jing4,NA,24,11,NA,599.6900561,84.36704723,NA,251.8323935,1155.543045,NA,7,7,NA
燕子,yan4zi5,swallow,2,3.473433852,0.65064102,3.540836106,1.1761,6.285714286,8,16,3,NA,yan4,zi,NA,24,6,NA,56.17675352,3310.14391,NA,196.0700349,825.9382697,NA,7,6.5,NA
鱼缸,yu2gang1,fishbowl,2,0.557824195,0.192518445,2.747168553,1.6232,7.8,4,8,9,NA,yu2,gang1,NA,8,24,NA,156.4488983,12.26366911,NA,4175.387138,491.6607874,NA,6.5,9,NA
渔夫,yu2fu1,fisherman,2,1.046489109,0.311009438,3.020075506,1.8573,NA,0,11,4,NA,yu2,fu1,NA,8,20,NA,20.11833728,257.6399774,NA,4175.387138,237.0964817,NA,7.5,8,NA
羽毛,yu3mao2,feathre,2,9.73780866,1.030915661,3.988465129,2.1673,8,0,6,4,NA,yu3,mao2,NA,6,21,NA,18.88793405,375.7210149,NA,1258.857226,453.401907,NA,7,7,NA
雨伞,yu3san3,umbrella,2,1.251236979,0.352421214,3.097618616,1.7634,6,1,8,6,NA,yu3,san3,NA,6,22,NA,170.6082899,20.70225745,NA,1817.254438,177.8837469,NA,6.5,6.5,NA
玉米,yu4mi3,corn,2,10.78975771,1.07150488,4.033011628,2.5809,5.789473684,2,5,6,NA,yu4,mi3,NA,6,16,NA,145.0792729,411.9038841,NA,1980.039678,416.5907181,NA,7,7,NA
太阳,tai4yang2,sunset,2,52.94233904,1.731929774,4.723773899,2.8943,5.952380952,0,4,6,NA,tai4,yang2,NA,20,17,NA,803.1835462,393.2823469,NA,5834.917876,937.9237994,NA,7,7,NA
坦克,tan3ke4,tank,2,18.43276817,1.28853467,4.26557531,2.0899,7.842105263,2,8,7,NA,tan3,ke4,NA,24,17,NA,66.52990041,940.5568219,NA,78.10335973,1888.597644,NA,8,8,NA
海螺,hai3luo2,sea snail,2,0.646093276,0.216454441,2.810869783,0.8451,NA,1,10,17,NA,hai3,luo2,NA,17,16,NA,1301.035367,28.94844813,NA,1301.035367,555.4426303,NA,6.5,8,NA
冰箱,bing1xiang1,fridger,2,13.47604976,1.160650067,4.129555241,2.7412,9.954545455,2,6,15,NA,bing1,xiang1,NA,11,8,NA,129.3571549,123.1385396,NA,675.7409499,2292.646187,NA,7,9,NA
花瓶,hua1ping2,vase,2,2.064768512,0.486397677,3.31502604,2.0828,8.318181818,0,7,10,NA,hua1,ping2,NA,7,11,NA,618.8457324,43.78459506,NA,617.5130758,2124.169744,NA,6.5,9.5,NA
车轮,che1lun2,wheel,2,4.867539344,0.76845601,3.687353964,1.9731,7.263157895,0,4,8,NA,che1,lun2,NA,12,7,NA,1045.048261,222.7137474,NA,1045.020679,333.7345979,NA,6.5,7.5,NA
邮票,you2piao4,stamp,2,10.70876856,1.068511221,4.029739745,1.9243,8.421052632,2,7,11,NA,you2,piao4,NA,12,12,NA,155.6221266,274.2433574,NA,2521.053156,81.82282361,NA,8,7,NA
足球,zu2qiu2,football,2,50.39163558,1.71089244,4.702329607,2.5551,6.761904762,0,7,11,NA,zu2,qiu2,NA,19,6,NA,537.9243523,600.3237575,NA,2689.472418,1531.866816,NA,6.5,7,NA
拖鞋,tuo1xie2,slippers,2,1.465994744,0.391992147,3.16636522,2.0453,6.473684211,2,8,15,NA,tuo1,xie2,NA,17,9,NA,56.19895326,56.17069905,NA,137.2104776,58.66715962,NA,8,7.5,NA
天平,tian1ping2,balance,2,2.755451324,0.574662137,3.440299456,1.4314,11.5,4,4,5,NA,tian1,ping2,NA,7,11,NA,2222.340314,1585.080915,NA,2271.771713,28.24949299,NA,6.5,7,NA
戒指,jie4zhi5,ring,2,4.429833899,0.734786545,3.646439957,2.8069,9.681818182,4,7,9,NA,jie4,zhi3,NA,13,12,NA,54.98940432,953.2093227,NA,1595.216773,5144.921335,NA,8.5,7.5,NA
钉子,ding1zi5,nail,2,2.760911268,0.575293087,3.441158878,2.143,5.555555556,4,7,3,NA,ding1,zi,NA,11,6,NA,18.67199122,3310.14391,NA,157.0092733,825.9382697,NA,7.5,6.5,NA
毛笔,mao2bi3,writing brush,2,1.799961268,0.447152024,3.255445977,0.4771,7.904761905,0,4,10,NA,mao2,bi3,NA,21,15,NA,375.7210149,226.9518777,NA,453.401907,1366.046941,NA,7,6.5,NA
台灯,tai2deng1,lamp,2,1.27034678,0.356092198,3.104196588,1.6335,NA,1,5,6,NA,tai2,deng1,NA,13,20,NA,754.7228808,134.7880162,NA,1147.010949,361.5986229,NA,6.5,6.5,NA
拐杖,guai3zhang4,walking stick,2,1.824531012,0.450946348,3.261331111,2.0828,8.65,1,8,7,NA,guai3,zhang4,NA,7,23,NA,18.13381594,3.940115744,NA,18.13381594,350.7792817,NA,10.5,11,NA
栅栏,zha4lan5,fence,2,3.360595027,0.639545755,3.526497073,2.1399,10.5,0,9,9,NA,zha4,lan2,NA,21,18,NA,4.751414973,60.86695106,NA,738.7384023,387.5043625,NA,12,9,NA
信封,xin4feng1,envelope,2,4.405264155,0.732816923,3.644024967,2.3502,8.782608696,1,9,9,NA,xin4,feng1,NA,9,21,NA,1287.254044,243.652802,NA,2075.481027,34.84886731,NA,7,7.5,NA
夹子,jia1zi5,clip,2,0.96185999,0.29266801,2.98348585,1.699,NA,4,6,3,NA,jia1,zi,NA,7,6,NA,48.52995556,3310.14391,NA,9.082380511,825.9382697,NA,7,6.5,NA
皇冠,huang2guan1,crown,2,1.361345833,0.373159597,3.134221983,1.9823,9.952380952,0,9,9,NA,huang2,guan1,NA,7,14,NA,112.7147572,50.64229352,NA,535.1924401,3574.263518,NA,10.5,10,NA
算盘,suan4pan2,abacus,2,2.487004118,0.54245246,3.395798693,1.4914,10.15,1,14,11,NA,suan4,pan2,NA,10,19,NA,577.0288407,162.829639,NA,584.8532365,165.9510556,NA,8,8.5,NA
包子,bao1zi5,steamed stuffed bun,2,2.108448058,0.492543615,3.324113614,0.9031,7.57894737,8,5,3,NA,bao1,zi,NA,22,6,NA,585.9659138,3310.14391,NA,706.3032511,825.9382697,NA,6.5,6.5,NA
背心,bei4xin1,vest,2,3.516203407,0.654773494,3.546149681,2.0128,7,3,9,4,NA,bei4,xin1,NA,10,9,NA,200.4790359,2292.523752,NA,273.1575888,4624.09683,NA,7,6.5,NA
鼻子,bi2zi5,nose,2,12.9819249,1.145566965,4.113332844,2.945,4.909090909,8,14,3,NA,bi2,zi,NA,15,6,NA,57.18448673,3310.14391,NA,57.58879091,825.9382697,NA,7,6.5,NA
菠萝,bo1luo2,pineapple,2,1.13293821,0.328978274,3.054518225,1.8921,6.636363636,2,11,11,NA,bo1,luo2,NA,17,16,NA,1.819032435,10.40427353,NA,668.4385841,555.4426303,NA,8,8.5,NA
草莓,cao3mei2,strawberry,2,1.812701135,0.449123589,3.258507481,2.2504,6.0625,2,9,10,NA,cao3,mei2,NA,22,8,NA,264.5562025,1.340056439,NA,264.5562025,1770.88122,NA,6.5,NA,NA
大象,da4xiang4,elephant,2,2.666272253,0.564224712,3.426016001,2.2672,8.086956522,4,3,11,NA,da4,xiang4,NA,20,9,NA,6677.88132,739.436012,NA,6649.994423,2986.348737,NA,6.5,7,NA
大衣,da4yi1,coat,2,6.839488822,0.894287745,3.835044733,2.3201,11.47619048,3,3,6,NA,da4,yi1,NA,20,9,NA,6677.88132,135.6450603,NA,6649.994423,13760.09507,NA,6.5,6.5,NA
袋鼠,dai4shu3,kangaroo,2,0.662473106,0.220754628,2.821727711,1.6021,9.851851852,2,11,13,NA,dai4,shu3,NA,20,24,NA,70.87230217,18.16207015,NA,3264.117142,562.371637,NA,7.5,7.5,NA
凳子,deng4zi5,stool,2,2.245856628,0.511329333,3.351521272,2.0212,7.714285714,2,14,3,NA,deng4,zi,NA,17,6,NA,5.937418739,3310.14391,NA,64.52587022,825.9382697,NA,8.5,6.5,NA
电脑,dian4o3,computer,2,78.63774163,1.901118936,4.895599368,3.081,10.56521739,0,5,10,NA,dian4,o3,NA,8,22,NA,2172.846352,311.4359781,NA,2533.81531,357.0422964,NA,7,7.5,NA
电钻,dian4zuan4,electric drill,2,0.161978314,0.0652,2.211853213,1.3424,NA,0,5,10,NA,dian4,zuan1,NA,8,11,NA,2172.846352,52.24740129,NA,2533.81531,6.471557701,NA,7,8,NA
鳄鱼,e4yu2,alligator,2,2.019268986,0.479901806,3.305353157,2.0969,10.55,3,17,8,NA,e4,yu2,NA,7,8,NA,4.290602392,156.4488983,NA,241.6306084,4175.387138,NA,9,6.5,NA
耳朵,er3duo5,ear,2,13.12206344,1.149898158,4.117995559,2.9004,6.052631579,0,6,6,NA,er3,duo3,NA,6,13,NA,159.6806409,43.20202033,NA,418.9337987,62.50838565,NA,6.5,7,NA
耳机,er3ji1,earphone,2,1.727162026,0.435710941,3.237525147,2.1072,10.05555556,1,6,6,NA,er3,ji1,NA,6,14,NA,159.6806409,2181.919987,NA,418.9337987,4380.783078,NA,6.5,7,NA
二胡,er4hu2,urheen,2,1.112918418,0.324882729,3.0467816,NA,8.684210526,NA,2,9,NA,er4,hu2,NA,NA,NA,NA,1120.07864,164.7778335,NA,1123.505471,508.6388719,NA,6.5,7.5,NA
飞机,fei1ji1,plane,2,75.91050001,1.885985635,4.880270368,3.2084,8.95,1,3,6,NA,fei1,ji1,NA,8,14,NA,403.1544996,2181.919987,NA,1112.873818,4380.783078,NA,6.5,7,NA
斧子,fu3zi5,axe,2,0.809891572,0.257652558,2.908877886,1.8451,NA,5,8,3,NA,fu3,zi,NA,22,6,NA,9.643428237,3310.14391,NA,547.0928409,825.9382697,NA,8.5,6.5,NA
钢琴,gang1qin2,pinao,2,11.12190426,1.083570849,4.046177994,2.4969,12,0,9,12,NA,gang1,qin2,NA,24,11,NA,139.8233186,74.83259949,NA,491.6607874,264.2696241,NA,7.5,7.5,NA
柜子,gui4zi5,cabinet,2,1.66528267,0.425743275,3.221688527,2.3856,7.125,5,8,3,NA,gui4,zi,NA,13,6,NA,21.07898014,3310.14391,NA,335.9922432,825.9382697,NA,10.5,6.5,NA
火车,huo3che1,train,2,24.2048381,1.401483912,4.383881819,2.8041,7.647058824,1,4,4,NA,huo3,che1,NA,12,12,NA,502.9416139,1045.048261,NA,6.445321656,1045.020679,NA,6.5,6.5,NA
吉他,ji2ta1,guitar,2,1.90552017,0.463223895,3.28018421,2.4698,10.95,1,6,5,NA,ji2,ta1,NA,15,22,NA,51.50068309,4185.047385,NA,4905.808714,5834.917876,NA,10,6.5,NA
剪刀,jian3dao1,scissors,2,2.550703455,0.550314403,3.406778192,2.2227,6.333333333,3,11,2,NA,jian3,dao1,NA,5,23,NA,37.01636824,98.29704155,NA,914.1969969,102.0117964,NA,8,6.5,NA
键盘,jian4pan2,keyboard,2,4.420733994,0.734058096,3.645547081,1.9685,11.4,1,13,11,NA,jian4,pan2,NA,5,19,NA,106.1988,162.829639,NA,4819.03266,165.9510556,NA,9.5,8.5,NA
饺子,jiao3zi5,dumpling,2,3.28051586,0.631496111,3.516025905,1.5911,5.52380952,4,9,3,NA,jiao3,zi,NA,15,6,NA,3.333323119,3310.14391,NA,564.1684697,825.9382697,NA,8,6.5,NA
卡车,ka3che1,truck,2,5.337094458,0.801890181,3.727342241,2.8802,9.84210526,2,5,4,NA,ka3,che1,NA,18,12,NA,251.390417,1045.048261,NA,252.0981175,1045.020679,NA,NA,6.5,NA
口琴,kou3qin2,harmonica,2,0.473195076,0.168260258,2.675837906,1.4914,NA,1,3,12,NA,kou3,qin2,NA,16,11,NA,1067.071066,74.83259949,NA,1064.662059,264.2696241,NA,6.5,7.5,NA
裤子,ku4zi5,pants,2,4.913948861,0.771877565,3.69147436,3.0212,5.631578947,6,12,3,NA,ku4,zi,NA,22,6,NA,13.65552492,3310.14391,NA,226.8435699,825.9382697,NA,7.5,6.5,NA
轮船,lun2chuan2,steamboat,2,6.85222869,0.89499294,3.83585283,1.5798,8.3,0,8,11,NA,lun2,chuan2,NA,7,9,NA,222.7137474,227.8950299,NA,333.7345979,1065.040127,NA,7.5,6.5,NA
馒头,man2tou5,steamed bread,2,3.310545548,0.634532238,3.519982238,0.9542,5.9,0,14,5,NA,man2,tou2,NA,21,9,NA,2.483006182,1185.230139,NA,44.87641816,1183.902864,NA,NA,6.5,NA
米饭,mi3fan4,rice,2,2.19762713,0.50482782,3.342097112,1.9085,5,0,6,7,NA,mi3,fan4,NA,16,24,NA,411.9038841,184.5645202,NA,416.5907181,826.3338285,NA,7,7,NA
蜜蜂,mi4feng1,bee,2,2.994778834,0.60149274,3.476460009,2.1987,6.10526316,4,14,13,NA,mi4,feng1,NA,17,21,NA,27.90573353,29.14690026,NA,517.758252,1409.316233,NA,7.5,7.5,NA
面条,mian4tiao2,noddles,2,2.711771779,0.569581265,3.433362158,2.2304,6.411764706,3,9,7,NA,mian4,tiao2,NA,9,10,NA,2708.161227,815.5979044,NA,2707.963448,1033.47682,NA,7,6.5,NA
摩托,mo2tuo1,motorbike,2,16.52178806,1.243578423,4.218044276,2.1523,11.47368421,0,15,6,NA,mo2,tuo1,NA,16,17,NA,56.40749617,253.6144264,NA,166.0748359,508.3617117,NA,7.5,7.5,NA
瓢虫,piao2chong2,ladybug,2,0.22385767,0.0877,2.351697136,1.1761,9.782608696,0,16,6,NA,piao2,chong2,NA,10,11,NA,2.579205013,95.41847653,NA,4.585926075,320.0925274,NA,7,6.5,NA
茄子,qie2zi5,eggplant,2,1.280356676,0.358002781,3.107602837,1.9956,7.708333333,4,8,3,NA,jia1,zi,NA,9,6,NA,5.629313393,3310.14391,NA,5856.617775,825.9382697,NA,8,6.5,NA
芹菜,qin2cai4,celery,2,1.377725662,0.376161745,3.139412815,1.3617,8.6875,0,7,11,NA,qin2,cai4,NA,11,21,NA,2.056502276,186.7824751,NA,264.2696241,188.351256,NA,9.5,8,NA
青椒,qing1jiao1,green pepper,2,0.657923153,0.219564397,2.818738749,0.9031,NA,4,8,12,NA,qing1,jiao1,NA,11,14,NA,899.2128517,8.469533415,NA,6299.095397,2072.178649,NA,6.5,9.5,NA
蜻蜓,qing1ting2,dragonfly,2,1.06468892,0.314854627,3.027557077,1.2041,8.115384615,5,14,12,NA,qing1,ting2,NA,11,11,NA,0.885971049,0.916243408,NA,6299.095397,2533.81531,NA,7,7,NA
扫帚,sao4zhou5,broom,2,1.341326041,0.369461896,3.127792203,1.8261,7.565217391,0,6,8,NA,sao3,zhou3,NA,22,9,NA,77.13868055,1.40598291,NA,94.29503564,3.954915564,NA,7.5,8,NA
沙发,sha1fa1,sofa,2,11.06821481,1.081643032,4.044076594,2.781,9.454545455,2,7,5,NA,sha1,fa1,NA,23,21,NA,247.6272264,4229.053977,NA,557.9175639,4151.803625,NA,7.5,6.5,NA
柿子,shi4zi5,perisimmon,2,1.082888731,0.31866607,3.034911944,1.3222,9.875,2,9,3,NA,shi4,zi,NA,13,6,NA,2.727875933,3310.14391,NA,18835.466,825.9382697,NA,8,6.5,NA
书桌,shu1zhuo1,desk,2,2.814600709,0.581449085,3.449520492,1.7782,8.25,0,4,10,NA,shu1,zhuo1,NA,22,15,NA,1195.624994,83.90758009,NA,1634.862801,120.9898748,NA,6.5,6.5,NA
松鼠,song1shu3,squirrel,2,1.018279403,0.304981288,3.008218205,2.1399,6.619047619,2,8,13,NA,song1,shu3,NA,15,24,NA,187.6845914,18.16207015,NA,189.7303302,562.371637,NA,7.5,7.5,NA
头发,tou2fa5,hair,2,25.70359251,1.426569692,4.409972512,3.2999,5.375,0,5,5,NA,tou2,fa1,NA,11,18,NA,1185.230139,4229.053977,NA,1183.902864,4151.803625,NA,6.5,6.5,NA
土豆,tu3dou4,potato,2,3.154027177,0.618469333,3.498954024,2.3927,7.136363636,1,3,7,NA,tu3,dou4,NA,23,18,NA,562.0897677,66.63282643,NA,1.103259317,296.6765211,NA,6.5,7,NA
袜子,wa4zi5,socks,2,3.110347631,0.613878554,3.492899283,2.534,7.285714286,2,10,3,NA,wa4,zi,NA,19,6,NA,4.717779018,3310.14391,NA,569.5360954,825.9382697,NA,8,6.5,NA
豌豆,wan1dou4,pea,2,1.941919791,0.468630828,3.288398062,1.7993,9.761904762,1,15,7,NA,wan1,dou4,NA,23,18,NA,1.492090954,66.63282643,NA,205.0212352,296.6765211,NA,9.5,7,NA
围巾,wei2jin1,muffler,2,1.839090861,0.453179292,3.264781334,2.1553,7.210526316,2,7,3,NA,wei2,jin1,NA,9,9,NA,385.4996596,13.70934245,NA,2495.666756,2422.279829,NA,7.5,7,NA
蜗牛,wo1niu2,snail,2,1.200277509,0.342477459,3.079574114,1.5441,6.526315789,1,13,4,NA,wo1,niu2,NA,4,7,NA,1.379074146,161.4081835,NA,45.21950489,161.4081835,NA,9.5,6.5,NA
乌龟,wu1gui1,turtle,2,1.94009981,0.468362074,3.287991038,2.0719,5.578947368,0,4,7,NA,wu1,gui1,NA,9,11,NA,41.63862115,14.2676993,NA,393.0368044,818.8619375,NA,6.5,7.5,NA
西瓜,xi1gua1,watermelon,2,5.002217943,0.778311761,3.699204918,1.8921,5.57894737,0,6,5,NA,xi1,gua1,NA,14,7,NA,1571.407899,58.07718497,NA,3033.064369,83.53623915,NA,6.5,7,NA
小号,xiao3hao4,trumpet,2,0.85903106,0.269286646,2.934431991,1.6721,NA,5,3,5,NA,xiao3,hao4,NA,14,23,NA,2111.863694,422.4628831,NA,2138.816184,237.2047895,NA,6.5,7.5,NA
眼睛,yan3jing5,eye,2,79.92355825,1.908074971,4.902643065,3.4406,6.888888889,1,11,13,NA,yan3,jing1,NA,24,10,NA,599.6900561,125.6571999,NA,251.8323935,6299.095397,NA,7,7,NA
椅子,yi3zi5,chair,2,11.39399142,1.093211191,4.056673882,2.882,6.619047619,0,12,3,NA,yi3,zi,NA,7,6,NA,20.52398689,3310.14391,NA,13760.09507,825.9382697,NA,7,6.5,NA
樱桃,ying1tao2,cherry,2,2.995688824,0.601591659,3.476591913,2.2068,9.65,1,15,10,NA,ying1,tao2,NA,6,21,NA,3.722154757,48.29584932,NA,1687.583123,238.0947968,NA,11,6.5,NA
优盘,you1pan2,USB,2,NA,NA,NA,NA,NA,NA,6,11,NA,you1,pan2,NA,NA,NA,NA,475.4448936,162.829639,NA,573.4062483,165.9510556,NA,8.5,8.5,NA
熨斗,yun4dou3,iron,2,1.104728503,0.323196083,3.04357646,1.4472,11.35,0,15,4,NA,yun4,dou4,NA,7,16,NA,4.624271064,436.5314575,NA,6572.451438,259.0129971,NA,NA,7,NA
蜘蛛,zhi1zhu1,spider,2,3.113077603,0.614166904,3.493280188,2.3444,7.227272727,4,14,12,NA,zhi1,zhu1,NA,12,21,NA,2.846274494,4.282529763,NA,5144.921335,273.2753147,NA,7,7,NA
嘴巴,zui3ba5,mouth,2,4.391614297,0.731718816,3.642677481,2.7275,4.285714286,0,16,4,NA,zui3,ba1,NA,9,13,NA,96.32328372,444.1049291,NA,96.32328372,830.2113814,NA,7,6.5,NA
贝壳,bei4ke2,shell,2,2.141207717,0.497096656,3.330806641,1.8451,7.473684211,1,4,7,NA,bei4,ke2,NA,10,10,NA,139.3369427,36.8952788,NA,1852.070342,24.00867181,NA,6.5,7.5,NA
磁铁,ci2tie3,magnet,2,1.557903787,0.407884205,3.192757545,1.699,9.153846154,0,14,10,NA,ci2,tie3,NA,6,7,NA,89.49989393,323.4218142,NA,476.4001547,325.1453205,NA,10.5,7.5,NA
开关,kai1guan1,switch,2,7.33270369,0.920785939,3.865281338,2.1875,7.15,2,4,6,NA,kai1,guan1,NA,18,14,NA,2524.936091,2177.478696,NA,2527.064574,3574.263518,NA,6.5,6.5,NA
闹钟,o4zhong1,alarm clock,2,0.84174124,0.265228613,2.925611169,2.0128,7.944444444,1,8,9,NA,o4,zhong1,NA,22,15,NA,81.84838694,197.3475285,NA,67.62239622,7862.335814,NA,7,7,NA
瓶子,ping2zi5,bottle,2,2.910149715,0.592193386,3.464014422,2.5092,6.736842105,4,10,3,NA,ping2,zi,NA,11,6,NA,43.78459506,3310.14391,NA,2124.169744,825.9382697,NA,9.5,6.5,NA
钱包,qian2bao1,wallet,2,2.447874525,0.537551453,3.38891388,2.8089,8.142857143,0,10,5,NA,qian2,bao1,NA,10,22,NA,313.5469706,585.9659138,NA,2529.135876,706.3032511,NA,7,6.5,NA
炸弹,zha4dan4,bomb,2,10.16550421,1.04787834,4.007131109,2.8228,10.15,0,9,11,NA,zha4,dan4,NA,21,23,NA,114.597698,242.4587256,NA,84.14639537,1771.029891,NA,7.5,7.5,NA
别针,bie2zhen1,pin,2,0.764392045,0.246595091,2.883796178,1.6335,9.05,0,7,7,NA,bie2,zhen1,NA,8,15,NA,1169.575293,197.0871862,NA,1169.11448,1154.050954,NA,7,7.5,NA
尺子,chi3zi5,ruler,2,0.547814299,0.189718854,2.739317494,1,NA,1,4,3,NA,chi3,zi,NA,11,6,NA,57.04388844,3310.14391,NA,17.86741918,825.9382697,NA,6.5,6.5,NA
房子,fang2zi5,house,2,37.34146139,1.583668662,4.572165203,3.4502,7.095238095,3,8,3,NA,fang2,zi,NA,18,6,NA,680.7883613,3310.14391,NA,1190.787471,825.9382697,NA,7,6.5,NA
奖杯,jiang3bei1,trophy,2,1.794501325,0.44630432,3.254127268,2.1523,9.333333333,0,9,8,NA,jiang3,bei1,NA,8,9,NA,257.942701,97.62701333,NA,618.5154273,273.1575888,NA,7.5,8,NA
漏斗,lou4dou3,funnel,2,1.122928314,0.326935329,3.05066714,1.2788,11.09090909,0,14,4,NA,lou4,dou4,NA,17,16,NA,40.99819257,436.5314575,NA,234.3141155,259.0129971,NA,8,7,NA
啤酒,pi2jiu3,beer,2,14.34236074,1.18589219,4.156611506,3.0741,10.21052632,0,11,10,NA,pi2,jiu3,NA,15,8,NA,11.93807307,251.1603471,NA,336.007043,883.4241345,NA,NA,9,NA
喷壶,pen1hu2,watering can,2,0.071,0.0298,1.856627274,0.301,NA,1,12,10,NA,pen1,hu2,NA,15,21,NA,47.58411252,16.48229056,NA,47.32377023,508.6388719,NA,8,7.5,NA
扑克,pu1ke4,poker,2,1.283086647,0.358522394,3.108527196,2.2455,8,2,5,7,NA,pu1,ke4,NA,20,17,NA,40.35574583,940.5568219,NA,45.62784539,1888.597644,NA,8,8,NA
秋千,qiu1qian1,swing,2,1.191177604,0.34067758,3.076271478,1.699,NA,1,9,3,NA,qiu1,qian1,NA,8,9,NA,140.9306142,316.182684,NA,181.3381594,643.2782172,NA,6.5,7,NA
杯子,bei1zi5,cup,2,3.043918322,0.606802375,3.483526119,2.5922,7.85,1,8,3,NA,bei1,zi,NA,9,6,NA,97.62701333,3310.14391,NA,273.1575888,825.9382697,NA,8,6.5,NA
窗帘,chuang1lian2,curtain,2,4.221446068,0.717790797,3.625518163,2.2648,8.238095238,0,12,8,NA,chuang1,lian2,NA,10,8,NA,123.0759767,20.59058608,NA,139.0732368,711.6284955,NA,7,8.5,NA
弹弓,dan4gong1,catapult,2,0.459545218,0.164217554,2.663150699,1.5315,7.608695652,7,11,3,NA,dan4,gong1,NA,23,15,NA,242.4587256,14.03762937,NA,1771.029891,7625.205023,NA,7.5,7,NA
钩子,gou1zi5,hook,2,0.592403835,0.202053215,2.773247778,1.8388,NA,2,9,3,NA,gou1,zi,NA,14,6,NA,30.42035751,3310.14391,NA,128.6070731,825.9382697,NA,8,6.5,NA
圣经,sheng4jing1,bibble,2,8.130765384,0.960507184,3.910143342,2.6767,13.88461538,1,5,8,NA,sheng4,jing1,NA,18,10,NA,67.45354373,3678.846447,NA,103.1009286,6299.095397,NA,10,7,NA
香烟,xiang1yan1,cigarette,2,5.971357857,0.843317377,3.776102587,2.4624,8,3,9,10,NA,xiang1,yan1,NA,8,23,NA,343.8644021,166.3755413,NA,2292.646187,196.0700349,NA,7,7.5,NA
颜色,yan2se4,color,2,31.02976708,1.50555378,4.491754561,3.0561,6.80952381,4,15,6,NA,yan2,se4,NA,18,15,NA,34.22391127,938.3166673,NA,2451.203387,966.0178942,NA,7,6.5,NA
屋檐,wu1yan2,eave,2,1.558813778,0.40803868,3.193011,1.9031,9.4375,1,9,17,NA,wu1,yan2,NA,9,18,NA,182.8773407,9.586919833,NA,393.0368044,989.7298969,NA,7.5,9.5,NA
狐狸,hu2li5,fox,2,3.575352792,0.660424587,3.553392733,2.0492,6.84210526,2,8,10,NA,hu2,li2,NA,21,12,NA,28.40960013,3.700627745,NA,508.6388719,694.8488631,NA,7.5,7.5,NA
帽子,mao4zi5,hat,2,14.56621841,1.19218312,4.163337258,2.917,6.411764706,8,12,3,NA,mao4,zi,NA,22,6,NA,50.16668112,3310.14391,NA,357.5562538,825.9382697,NA,7.5,6.5,NA
钥匙,yao4shi5,keyboard,2,9.220024049,1.009451918,3.964738225,3.192,5.5625,3,9,11,NA,yao4,shi,NA,22,9,NA,7.958939621,8.670003705,NA,4011.331132,569.3840609,NA,8.5,8.5,NA
熊猫,xiong2mao1,panda,2,5.677430916,0.824609404,3.754184772,1.7482,9.3,0,14,11,NA,xiong2,mao1,NA,4,22,NA,35.83103719,34.02882274,NA,196.0612896,34.02882274,NA,7,6.5,NA
长矛,chang2mao2,spear,2,1.685302461,0.42899321,3.226875602,1.5185,10.5,2,4,5,NA,zhang3,mao2,NA,21,21,NA,2093.408318,56.62747532,NA,2883.387734,453.401907,NA,6.5,10.5,NA
电视,dian4shi4,television,2,160.3894709,2.207875198,5.205141628,3.328,7.318181818,3,5,8,NA,dian4,shi4,NA,8,13,NA,2172.846352,832.6607516,NA,2533.81531,18835.466,NA,7,8,NA
毛巾,mao2jin1,towel,2,4.083127508,0.706131004,3.611053031,2.5051,6.52631579,1,4,3,NA,mao2,jin1,NA,21,9,NA,375.7210149,13.70934245,NA,453.401907,2422.279829,NA,7,7,NA
水井,shui3jing3,water well,2,1.795411315,0.446445719,3.254347331,1.0792,7.590909091,1,4,4,NA,shui3,jing3,NA,12,12,NA,1518.431943,79.95804628,NA,1514.35392,547.6067983,NA,6.5,7,NA
民警,min2jing3,policeman,2,13.47240979,1.160540851,4.129437927,0.4771,9.409090909,0,5,19,NA,min2,jing3,NA,9,12,NA,2114.085012,141.7809312,NA,2114.381008,547.6067983,NA,7.5,9,NA
钻石,zuan4shi2,diamond,2,6.403603359,0.869443144,3.806449445,2.5441,13.7619048,1,10,5,NA,zuan1,shi2,NA,11,10,NA,52.24740129,518.2170464,NA,6.471557701,1771.029891,NA,8,6.5,NA
花束,hua1shu4,bouquet,2,0.867220975,0.271195717,2.938548557,1.5315,NA,4,7,7,NA,hua1,shu4,NA,7,25,NA,618.8457324,196.836262,NA,617.5130758,2515.655258,NA,6.5,7.5,NA
别墅,bie2shu4,villa,2,9.473001416,1.020071162,3.976492629,2.3766,11.41666667,3,7,14,NA,bie2,shu4,NA,8,25,NA,1169.575293,7.36492866,NA,1169.11448,2515.655258,NA,7,14.5,NA
大树,da4shu4,tree,2,4.733770736,0.758440324,3.675254008,1.7404,4.947368421,12,3,9,NA,da4,shu4,NA,20,25,NA,6677.88132,256.7869696,NA,6649.994423,2515.655258,NA,6.5,6.5,NA
珊瑚,shan1hu2,coral,2,4.252385746,0.720356614,3.62868889,1.3802,10.6,3,9,13,NA,shan1,hu2,NA,24,21,NA,4.712397265,4.297329583,NA,1059.740446,508.6388719,NA,10.5,10.5,NA
老虎,lao3hu3,tiger,2,8.257254068,0.966482183,3.916846816,2.316,6.5,2,6,8,NA,lao3,hu3,NA,24,22,NA,1089.728245,75.88742303,NA,1094.493114,84.74780624,NA,6.5,7,NA
窗户,chuang1hu5,window,2,8.437432193,0.974853844,3.926220442,2.9499,5.909090909,0,12,4,NA,chuang1,hu4,NA,10,23,NA,123.0759767,376.7159664,NA,139.0732368,1258.857226,NA,7,8,NA
苹果,ping2guo3,apple,2,12.95917514,1.144859756,4.112571164,2.6493,6,0,8,8,NA,ping2,guo3,NA,11,13,NA,10.65856135,1221.238101,NA,22.62488863,280.2709205,NA,6.5,6.5,NA
吉它,ji2ta1,guitar,2,0.284827036,0.108844667,2.45592983,1.5798,NA,NA,6,5,NA,ji2,ta1,NA,NA,NA,NA,51.50068309,757.8160432,NA,4905.808714,5834.917876,NA,10,6.5,NA
蚊香,wen2xiang1,mosquito incense,2,0.342156439,0.127803139,2.535341533,NA,NA,NA,10,9,NA,wen2,xiang1,NA,NA,NA,NA,2.90883737,343.8644021,NA,2969.81532,2292.646187,NA,7,7,NA
插头,cha1tou2,plug,2,1.170247821,0.336509329,3.068578729,1.7993,NA,4,12,5,NA,cha1,tou2,NA,23,11,NA,64.17000182,1185.230139,NA,169.2769788,1183.902864,NA,8,6.5,NA
帆船,fan1chuan2,sailboat,2,2.671732196,0.564870998,3.426904129,1.8195,9,1,6,11,NA,fan1,chuan2,NA,23,9,NA,19.64474303,227.8950299,NA,241.372957,1065.040127,NA,7.5,6.5,NA
墨镜,mo4jing4,sunglasses,2,0.692502793,0.228529394,2.840955154,1.8633,9.761904762,1,15,16,NA,mo4,jing4,NA,18,11,NA,83.54700265,84.36704723,NA,115.2529264,1155.543045,NA,9,7,NA
纸箱,zhi3xiang1,box,2,1.04830909,0.311395492,3.02082949,1.2041,6.217391304,2,7,15,NA,zhi3,xiang1,NA,12,8,NA,194.8281955,123.1385396,NA,2948.051511,2292.646187,NA,6.5,9,NA
喷泉,pen1quan2,fountain,2,1.647082859,0.422767536,3.216918633,1.9542,7.857142857,1,12,9,NA,pen1,quan2,NA,15,5,NA,47.58411252,73.22614629,NA,47.32377023,3594.729651,NA,8,7,NA
雪人,xue3ren2,snaoman,2,0.496854829,0.175179683,2.696987509,1.5798,7.888888889,1,11,2,NA,xue3,ren2,NA,4,14,NA,140.2747131,10241.83273,NA,140.4758561,10150.23328,NA,6.5,6.5,NA
纽扣,niu3kou4,button,2,0.848111174,0.266728093,2.928881826,1.8921,8.636363636,0,7,6,NA,niu3,kou4,NA,9,18,NA,33.16168782,59.16429903,NA,75.39835625,68.63954749,NA,11,9,NA
音响,yin1xiang3,soundbox,2,8.874227647,0.994503136,3.948138407,2.0569,12.5,3,9,9,NA,yin1,xiang3,NA,7,7,NA,527.7642758,497.835676,NA,2432.754739,2021.167032,NA,6.5,7,NA
柳树,liu3shu4,willow,2,2.153947584,0.498854471,3.33338188,1.2041,9.157894737,0,9,9,NA,liu3,shu4,NA,9,25,NA,13.96093939,256.7869696,NA,15.08303484,2515.655258,NA,8,6.5,NA
围裙,wei2qun2,apron,2,1.156597963,0.333769191,3.063487294,1.8325,NA,0,7,12,NA,wei2,qun2,NA,9,2,NA,385.4996596,10.35785592,NA,2495.666756,487.0149893,NA,7.5,7,NA
斧头,fu3tou5,axe,2,1.237587121,0.349779954,3.092858308,1.9243,7.954545455,1,8,5,NA,fu3,tou2,NA,22,9,NA,9.643428237,1185.230139,NA,547.0928409,1183.902864,NA,8.5,6.5,NA
登山鞋,deng1shan1xie2,boots,3,0.0637,0.0268,1.810258531,0,14.23076923,0,12,3,15,deng1,shan1,xie2,20,24,9,222.8960543,1002.2048,56.17069905,1769.837833,1059.740446,58.66715962,7.5,6.5,7.5
厨师,chu2shi1,chef,2,3.91568925,0.691584421,3.592872445,2.4082,8.04761905,1,12,6,NA,chu2,shi1,NA,20,12,NA,19.14625818,655.6138673,NA,494.7734587,2154.6715,NA,8,6.5,NA
小鹿,xiao3lu4,deer,2,NA,NA,NA,1,NA,7,3,11,NA,xiao3,lu4,NA,14,26,NA,2111.863694,20.56704091,NA,2138.816184,1665.493047,NA,6.5,7,NA
农民,nong2min2,farmer,2,160.4449803,2.208024546,5.205291907,2.2148,8,0,6,5,NA,nong2,min2,NA,11,9,NA,523.8308873,2114.085012,NA,610.3250723,2114.381008,NA,7.5,7.5,NA
猎人,lie4ren2,hunter,2,3.062118133,0.608752549,3.486114294,2.2765,9,2,11,2,NA,lie4,ren2,NA,9,14,NA,19.09916785,10241.83273,NA,1001.117013,10150.23328,NA,8.5,6.5,NA
菜刀,cai4dao1,kitchen knife,2,1.122928314,0.326935329,3.05066714,1.2041,7.888888889,1,11,2,NA,cai4,dao1,NA,21,23,NA,186.7824751,98.29704155,NA,188.351256,102.0117964,NA,8,6.5,NA
龙虾,long2xia1,lobster,2,0.923640388,0.284123887,2.96589389,2.1903,9.318181818,0,5,9,NA,long2,xia1,NA,13,5,NA,251.9521375,14.62154955,NA,338.4321954,1.630671088,NA,7.5,8.5,NA
钉耙,ding1pa2,rake,2,0.051,0.0216,1.714875038,0.301,NA,0,7,10,NA,ding1,ba4,NA,12,18,1,18.67199122,2.327608071,NA,157.0092733,223.4221206,NA,7.5,NA,NA
老鼠,lao3shu3,mouse,2,8.838738017,0.992939396,3.946398281,2.7745,5.47826087,2,6,13,NA,lao3,shu3,NA,24,24,-1,1089.728245,18.16207015,NA,1094.493114,562.371637,NA,6.5,7.5,NA
公鸡,gong1ji1,rooster,2,1.836360889,0.452761488,3.264136501,1.7634,5.96,7,4,7,NA,gong1,ji1,NA,15,14,-1,2611.330713,84.17263141,NA,7625.205023,4380.783078,NA,6.5,6.5,NA
科学家,ke1xue2jia1,scientist,3,40.22704136,1.615182169,4.604491226,2.6435,9.826086957,0,9,8,10,ke1,xue2,jia1,13,6,0,1623.807335,3991.136105,3829.854393,1692.781897,4022.404089,279.7327453,7.5,6.5,6.5
草帽,cao3mao4,strawhat,2,1.423225189,0.384393775,3.153514524,0.9031,NA,1,9,12,NA,cao3,mao4,NA,22,22,NA,264.5562025,50.16668112,NA,264.5562025,357.5562538,NA,6.5,7.5,NA
白大褂,bai2da4gua4,white coat,3,0.333966524,0.125144931,2.524848001,1.3979,NA,0,5,3,13,bai2,da4,gua4,13,20,6,712.0005091,6677.88132,2.207864072,665.7396351,6649.994423,95.39560409,6.5,6.5,11
地毯,di4tan3,carpet,2,7.609340811,0.9349699,3.881362279,2.5855,7.909090909,3,6,12,NA,di4,tan3,NA,17,24,NA,4392.326938,8.468187977,NA,7236.13,78.10335973,NA,6.5,8,NA
蝎子,xie1zi5,scorpion,2,0.833551325,0.263293071,2.921369518,1.6021,10.69230769,4,15,3,NA,xie1,zi,NA,14,6,NA,1.060205295,3310.14391,NA,7828.007631,825.9382697,NA,NA,6.5,NA
绳子,sheng2zi5,rope,2,4.6027321,0.748399857,3.663064862,2.6096,5.210526316,2,11,3,NA,sheng2,zi,NA,16,6,NA,30.15530618,3310.14391,NA,30.15530618,825.9382697,NA,7,6.5,NA
火箭,huo3jian4,rocket,2,16.12776216,1.233700624,4.207561924,2.2923,9.652173913,1,4,15,NA,huo3,jian4,NA,12,5,NA,502.9416139,49.09369417,NA,6.445321656,4819.03266,NA,6.5,8,NA
屋顶,wu1ding3,roof,2,7.549281436,0.931929614,3.877921272,2.6721,9.590909091,0,9,8,NA,wu1,ding3,NA,9,13,NA,182.8773407,143.7607435,NA,393.0368044,171.9678552,NA,7.5,7.5,NA
地图,di4tu2,map,2,25.05567925,1.415902399,4.398885263,2.7604,8.380952381,1,6,8,NA,di4,tu2,NA,17,20,0,4392.326938,586.1986746,NA,7236.13,898.1445738,NA,6.5,7.5,NA
日历,ri4li4,calendar,2,1.363165814,0.373494195,3.134801815,2.0086,8.25,6,4,4,NA,ri4,li4,NA,8,18,-1,3215.388735,345.6645984,NA,3215.388735,6647.206002,NA,6.5,9,NA
女孩,nv3hai2,girl,2,32.19182498,1.521031132,4.507721184,3.557,5,1,3,9,NA,nv3,hai2,NA,7,14,-1,998.3191743,230.5959971,NA,996.9589363,1629.791844,NA,6.5,6.5,NA
铁轨,tie3gui3,rail,2,1.128388257,0.328050854,3.052771964,1.7853,9.684210526,0,10,6,NA,tie3,gui3,NA,7,11,0,323.4218142,33.77655308,NA,325.1453205,127.8220099,NA,7.5,NA,NA
锤子,chui2zi5,hammer,2,0.764392045,0.246595091,2.883796178,2.1903,9.444444444,0,13,3,NA,chui2,zi,NA,7,6,1,10.49509061,3310.14391,NA,78.72158858,825.9382697,NA,11,6.5,NA
月亮,yue4liang5,moon,2,8.6385401,0.984011259,3.93644941,2.3997,5.5,1,4,9,NA,yue4,liang4,NA,1,9,-1,1819.101052,179.0556235,NA,1393.875312,615.6435895,NA,6.5,6.5,NA
手枪,shou3qiang1,gun,2,7.010567042,0.903663259,3.845772825,2.5922,6.631578947,1,4,8,NA,shou3,qiang1,NA,15,7,-1,1398.091915,136.0513826,NA,2305.51194,193.4585394,NA,6.5,8,NA
大炮,da4pao4,cannon,2,6.632010982,0.882638987,3.821668133,1.9085,8.043478261,5,3,9,NA,da4,pao4,NA,20,22,-1,6677.88132,136.1354725,NA,6649.994423,706.3032511,NA,6.5,7,NA
牙刷,ya2shua1,toothbrush,2,1.103818513,0.323008272,3.043218869,2.1303,6.227272727,0,4,8,NA,ya2,shua1,NA,17,7,NA,156.1340658,58.90866577,NA,216.8052556,59.48451332,NA,6.5,7,NA
篮球,lan2qiu2,basketball,2,10.32839251,1.054168288,4.014034306,2.4639,9.5,1,16,11,NA,lan2,qiu2,NA,18,6,NA,56.79498237,600.3237575,NA,387.5043625,1531.866816,NA,7,7,NA
台阶,tai2jie1,staircase,2,13.08202386,1.148665076,4.116668455,2.2765,7.75,0,5,6,NA,tai2,jie1,NA,13,15,NA,754.7228808,422.9882767,NA,1147.010949,1862.525742,NA,6.5,10,NA
水桶,shui3tong3,bucket,2,1.359525852,0.37282474,3.133641375,1.4472,6.857142857,1,4,11,NA,shui3,tong3,NA,12,17,NA,1518.431943,18.28046871,NA,1514.35392,1221.666623,NA,6.5,8,NA
红旗,hong2qi2,reg flag,2,11.04546505,1.080823572,4.043183094,1.1139,7.904761905,0,6,14,NA,hong2,qi2,NA,11,15,NA,456.7480118,112.5459047,NA,7625.205023,2585.364429,NA,6.5,6.5,NA
豹子,bao4zi5,leopard,2,0.946390151,0.289229898,2.976450912,1.4624,8.181818182,10,10,3,NA,bao4,zi,NA,22,6,NA,9.285541678,3310.14391,NA,2661.149599,825.9382697,NA,9.5,6.5,NA
鱼网,yu2wang3,fishing net,2,0.441345407,0.158768069,2.645636452,1.301,10.15789474,2,8,6,NA,yu2,wang3,NA,8,20,NA,156.4488983,777.5031675,NA,4175.387138,1323.49544,NA,6.5,7,NA
礼物,li3wu4,gift,2,11.0309052,1.080298305,4.042610288,3.2639,9.761904762,3,5,8,NA,li3,wu4,NA,16,7,NA,215.9542659,1872.830454,NA,5131.188448,2900.490271,NA,8,7,NA
蚯蚓,qiu1yin3,earthworm,2,1.122928314,0.326935329,3.05066714,1.2553,8,0,11,10,NA,qiu1,yin3,NA,8,6,NA,0.830135364,0.830135364,NA,181.3381594,827.7653747,NA,7.5,7.5,NA
桌子,zhuo1zi5,table,2,13.4332802,1.159365043,4.128174802,3.0527,6.941176471,3,10,3,NA,zhuo1,zi,NA,15,6,NA,83.90758009,3310.14391,NA,120.9898748,825.9382697,NA,6.5,6.5,NA
图钉,tu2ding1,drawing pin,2,0.116478788,0.0479,2.069589893,1,NA,1,8,7,NA,tu2,ding1,NA,20,11,NA,586.1986746,18.67199122,NA,898.1445738,157.0092733,NA,7.5,7.5,NA
线轴,xian4zhou2,bobbin,2,0.109198864,0.045,2.041785553,0.8451,NA,1,8,9,NA,xian4,zhou2,NA,10,19,NA,748.8944425,32.48896873,NA,4648.766112,32.27975309,NA,7.5,11.5,NA
企鹅,qi3e2,penguin,2,1.053769034,0.312551601,3.023083618,1.8451,7.944444444,1,6,12,NA,qi3,e2,NA,15,9,NA,558.4981204,21.19065151,NA,2698.233239,583.1606752,NA,11,9.5,NA
树叶,shu4ye4,leaf,2,4.462593558,0.737398888,3.649639194,1.959,6.681818182,5,9,5,NA,shu4,ye4,NA,25,4,NA,256.7869696,199.4746663,NA,2515.655258,510.1410537,NA,6.5,6.5,NA
铁链,tie3lian4,iron chain,2,1.234857149,0.349249768,3.091899952,1.6721,NA,1,10,12,NA,tie3,lian4,NA,7,8,NA,323.4218142,64.44245305,NA,325.1453205,458.0530868,NA,7.5,9.5,NA
天线,tian1xian4,antenna,2,6.829478927,0.89373286,3.834408742,2.0128,9.947368421,3,4,8,NA,tian1,xian4,NA,7,10,NA,2222.340314,748.8944425,NA,2271.771713,4648.766112,NA,6.5,7.5,NA
钳子,qian2zi5,forceps,2,0.523244555,0.182769634,2.719422666,1.8388,NA,2,10,3,NA,qian2,zi,NA,10,6,NA,5.107283375,3310.14391,NA,2529.135876,825.9382697,NA,9,6.5,NA
皮箱,pi2xiang1,leather suitcase,2,1.310386363,0.363684612,3.117664163,1.415,NA,2,5,15,NA,pi2,xiang1,NA,15,8,NA,264.2756786,123.1385396,NA,336.007043,2292.646187,NA,6.5,9,NA
铃铛,ling2dang1,bell,2,0.644273295,0.215974003,2.809646418,1.7634,NA,1,10,11,NA,ling2,dang1,NA,13,26,NA,25.64405193,1.714760975,NA,456.9908634,297.4474572,NA,7,9.5,NA
行星,xing2xing1,planet,2,8.952486833,0.997931612,3.951951143,2.0899,11,6,6,9,NA,xing2,xing1,NA,10,10,NA,3796.253419,703.6635014,NA,2278.263453,1093.357565,NA,7,6.5,NA
杠铃,gang4ling2,barbell,2,0.332146543,0.124552002,2.522481268,0.9031,NA,0,7,10,NA,gang1,ling2,NA,23,13,NA,12.05647163,25.64405193,NA,491.6607874,456.9908634,NA,9.5,7,NA
叉子,cha1zi5,fork,2,0.408585748,0.14878329,2.612212696,2.0414,NA,5,3,3,NA,cha1,zi,NA,23,6,NA,26.1257188,3310.14391,NA,169.2769788,825.9382697,NA,10,6.5,NA
梅花,mei2hua1,plum blossom,2,5.297054874,0.799137478,3.724072383,1.1139,6.578947368,0,11,7,NA,mei2,hua1,NA,8,7,NA,15.70059097,618.8457324,NA,1770.88122,617.5130758,NA,8,6.5,NA
铲子,chan3zi5,shovel,2,0.351256345,0.130737746,2.546711147,2.0253,NA,5,11,3,NA,chan3,zi,NA,24,6,NA,7.76654196,3310.14391,NA,3205.057787,825.9382697,NA,8,6.5,NA
圆号,yuan2hao4,horn,2,0.24114749,0.0938,2.383881819,0.9542,NA,2,10,5,NA,yuan2,hao4,NA,4,23,NA,133.7069566,422.4628831,NA,4920.309847,237.2047895,NA,7,7.5,NA
花生,hua1sheng1,peanut,2,8.19264474,0.963440477,3.913435669,2.2695,7.105263158,1,7,5,NA,hua1,sheng1,NA,7,21,NA,618.8457324,4769.192248,NA,617.5130758,5486.274477,NA,6.5,6.5,NA
浴缸,yu4gang1,bathtub,2,0.839011269,0.26458439,2.924201883,2.4425,10.69565217,1,10,9,NA,yu4,gang1,NA,6,24,NA,29.38975185,12.26366911,NA,1980.039678,491.6607874,NA,8,9,NA
相扑,xiang1pu1,sumo,2,0.492304877,0.173857558,2.692999469,1.0792,13.76923077,2,9,5,NA,xiang1,pu1,NA,8,20,NA,1547.532426,40.35574583,NA,2292.646187,45.62784539,NA,7,8,NA
马甲,ma3jia3,weskit,2,0.484114962,0.171467543,2.685727391,1.4624,15.04761905,1,3,5,NA,ma3,jia3,NA,21,8,NA,1015.390094,129.6612239,NA,1130.365187,386.2874137,NA,6.5,8,NA
斑马,ban1ma3,zebra,2,0.516874621,0.180949685,2.714112449,1.6335,8.15,0,12,3,NA,ban1,ma3,NA,24,21,NA,36.28310443,1015.390094,NA,790.6561712,1130.365187,NA,9,6.5,NA
玫瑰,mei2gui1,rose,2,12.42046074,1.127767426,4.094132834,2.5211,7.318181818,2,8,13,NA,mei2,gui1,NA,8,11,NA,12.76282668,14.62625858,NA,1770.88122,818.8619375,NA,9.5,8.5,NA
厨房,chu2fang2,kitchen,2,16.72107599,1.248490088,4.223251165,3.0228,7.045454545,1,12,8,NA,chu2,fang2,NA,20,18,NA,19.14625818,680.7883613,NA,494.7734587,1190.787471,NA,8,7,NA
乐谱,yue4pu3,mucis score,2,0.99552964,0.300058183,2.998414302,1.5051,NA,1,5,14,NA,le4,pu3,NA,1,21,NA,668.4695292,55.464344,NA,548.608477,282.1753883,NA,6.5,9.5,NA
凉鞋,liang2xie2,foothold,2,0.752562168,0.243673433,2.877030519,1.6532,7.346153846,0,10,15,NA,liang2,xie2,NA,8,9,NA,59.36006029,56.17069905,NA,615.6435895,58.66715962,NA,7,7.5,NA
鸵鸟,tuo2niao3,ostrich,2,1.233947158,0.349072896,3.09158003,1.3222,9.263157895,1,10,5,NA,tuo2,niao3,NA,16,11,NA,0.912207094,65.04588208,NA,27.42944841,67.09,NA,10.5,6.5,NA
衬衫,chen4shan1,shirt,2,6.799449239,0.892063936,3.832495165,2.7474,8.782608696,0,8,8,NA,chen4,shan1,NA,16,24,NA,27.32315879,14.905437,NA,400.8147826,1059.740446,NA,9,9,NA
衣架,yi1jia4,hanger,2,0.77349195,0.248829222,2.888929742,1.6902,7.807692308,3,6,9,NA,yi1,jia4,NA,9,7,NA,135.6450603,147.6470417,NA,13760.09507,1221.117684,NA,6.5,7,NA
勺子,shao2zi5,scoop,2,0.520514583,0.18199059,2.717154804,2.0374,NA,6,3,3,NA,shao2,zi,NA,16,6,NA,6.006036086,3310.14391,NA,7236.127844,825.9382697,NA,10.5,6.5,NA
仙鹤,xian1he4,crane,2,0.700692708,0.23062585,2.84605456,0.6021,11,4,5,15,NA,xian1,he4,NA,9,16,NA,21.02381718,15.31512293,NA,1390.62406,108.67037,NA,7.5,7.5,NA
靶子,ba3zi5,target,2,0.624253503,0.210653812,2.795956919,1.9685,NA,5,13,3,NA,ba3,zi,NA,21,6,NA,6.233415141,3310.14391,NA,863.1443447,825.9382697,NA,NA,6.5,NA
大脑,da4o3,brain,2,9.980776132,1.040633038,3.999167219,2.9274,9.291666667,5,3,10,NA,da4,o3,NA,20,22,NA,6677.88132,311.4359781,NA,6649.994423,357.0422964,NA,6.5,7.5,NA
刷子,shua1zi5,brush,2,0.87541089,0.273096433,2.942626469,1.7634,NA,1,8,3,NA,shua1,zi,NA,7,6,NA,58.90866577,3310.14391,NA,59.48451332,825.9382697,NA,7,6.5,NA
骰子,tou2zi5,dice,2,1.041029166,0.309849211,3.017805669,1.8513,10.56,6,13,3,NA,tou2,zi,NA,11,6,NA,0.769590645,3310.14391,NA,1277.293765,825.9382697,NA,NA,6.5,NA
瀑布,pu4bu4,waterfall,2,4.765620405,0.760846046,3.678165676,2.0043,8.476190476,2,18,5,NA,pu4,bu4,NA,23,22,NA,3.956261002,700.0624361,NA,2661.149599,14056.20785,NA,7.5,7.5,NA
拳头,quan2tou5,fist,2,6.1306062,0.853126452,3.787531189,2.4133,5.95,1,10,5,NA,quan2,tou2,NA,5,9,NA,47.13742704,1185.230139,NA,3594.729651,1183.902864,NA,9.5,6.5,NA
电话,dian4hua4,telephone,2,183.2011135,2.265292251,5.262893576,3.6478,8.10526316,1,5,8,NA,dian4,hua4,NA,8,6,NA,2172.846352,1172.237915,NA,2533.81531,3774.217833,NA,7,7.5,NA
海军,hai3jun1,navy,2,43.88338331,1.652085587,4.642272419,2.6201,9.176470588,1,10,6,NA,hai3,44713,NA,17,3,NA,1301.035367,1887.752709,NA,1301.035367,2405.403998,NA,6.5,7.5,NA
鸟巢,niao3chao2,nest,2,0.347616382,0.129566282,2.542198956,1.301,9.842105263,0,5,11,NA,niao3,chao2,NA,11,19,NA,65.04588208,6.343741072,NA,67.09,475.9043608,NA,6.5,9.5,NA
钞票,chao1piao4,money,2,4.703741049,0.7561598,3.672490725,2.3118,8.25,1,9,11,NA,chao1,piao4,NA,22,12,NA,5.099210745,274.2433574,NA,357.105532,81.82282361,NA,9.5,7,NA
蝗虫,huang2chong2,locust,2,1.170247821,0.336509329,3.068578729,1.3802,9.964285714,3,15,6,NA,huang2,chong2,NA,7,11,NA,6.014781435,95.41847653,NA,535.1924401,320.0925274,NA,NA,6.5,NA
篮子,lan2zi5,basket,2,5.208785793,0.793006677,3.716775673,2.0531,7.894736842,4,16,3,NA,lan2,zi,NA,18,6,NA,56.79498237,3310.14391,NA,387.5043625,825.9382697,NA,7,6.5,NA
树桩,shu4zhuang1,stump,2,0.545994318,0.189207893,2.737874654,1.3802,NA,4,9,10,NA,shu4,zhuang1,NA,25,7,NA,256.7869696,12.93773365,NA,2515.655258,859.0865031,NA,6.5,10.5,NA
白菜,bai2cai4,cabbage,2,4.743780632,0.759197845,3.676171209,1.2041,7.5,1,5,11,NA,bai2,cai4,NA,13,21,NA,712.0005091,186.7824751,NA,665.7396351,188.351256,NA,6.5,8,NA
子弹,zi3dan4,bullet,2,13.46512987,1.160322337,4.129203205,3.0116,9.090909091,0,3,11,NA,zi,dan4,NA,9,23,NA,3310.14391,242.4587256,NA,825.9382697,1771.029891,NA,6.5,7.5,NA
河马,he2ma3,hippo,2,0.374006108,0.137988663,2.573897398,1.6021,7.888888889,1,8,3,NA,he2,ma3,NA,11,21,NA,480.8784457,1015.390094,NA,7828.007631,1130.365187,NA,7,6.5,NA
轮胎,lun2tai1,tire,2,5.59917173,0.81948943,3.748157674,2.4232,9.428571429,0,8,9,NA,lun2,tai1,NA,7,18,NA,222.7137474,46.89592088,NA,333.7345979,48.05501588,NA,7.5,10.5,NA
扳手,ban1shou5,wrench,2,0.303936837,0.115256555,2.484044989,1.7404,NA,3,7,4,NA,ban1,shou3,NA,24,15,NA,5.522351057,1398.091915,NA,790.6561712,2305.51194,NA,11,6.5,NA
洋葱,yang2cong1,onion,2,1.071058854,0.31619244,3.030145473,2.2577,8.714285714,1,9,12,NA,yang2,cong1,NA,17,14,NA,267.9850517,17.20680903,NA,71.86052652,139.0732368,NA,7.5,8,NA
隧道,sui4dao4,tunnel,2,7.941487354,0.951409767,3.89991492,2.3927,9.7,0,14,12,NA,sui4,dao4,NA,13,23,NA,6.642428351,2149.581708,NA,286.3543193,781.3544843,NA,10,7,NA
香肠,xiang1chang2,sausage,2,1.248507007,0.351894245,3.09667072,2.4487,7.473684211,2,9,7,NA,xiang1,chang2,NA,8,21,NA,343.8644021,59.73678298,NA,2292.646187,2883.387734,NA,7,9,NA
哨子,shao4zi5,whistle,2,0.528704498,0.184323543,2.723923167,1.5315,9.227272727,10,10,3,NA,shao4,zi,NA,23,6,NA,21.28012315,3310.14391,NA,16.8004867,825.9382697,NA,8,6.5,NA
光盘,guang1pan2,light disk,2,6.779429447,0.890947746,3.831214746,1.4472,11.81818182,0,6,11,NA,guang1,pan2,NA,9,19,NA,793.7520245,162.829639,NA,797.0106758,165.9510556,NA,7,8.5,NA
法官,fa3guan1,judge,2,20.30097873,1.328399559,4.307499753,2.9031,12.13636364,3,8,8,NA,fa3,guan1,NA,19,14,NA,3119.607662,507.1979076,NA,3120.218491,3574.263518,NA,6.5,7,NA
和尚,he2shang5,buddhist monk,2,12.83541642,1.140992235,4.108404062,1.6902,8.52173913,4,8,8,NA,he2,shang4,NA,11,23,NA,4104.555199,216.545586,NA,7828.007631,2883.387734,NA,6.5,10,NA
手铐,shou3kao4,handcuffs,2,1.074698816,0.316955059,3.031617659,2.49,11.55,2,4,11,NA,shou3,kao4,NA,15,22,NA,1398.091915,2.933055257,NA,2305.51194,198.6532762,NA,6.5,NA,NA
手表,shou3biao3,watch,2,5.654681153,0.823127252,3.752441315,2.4713,9.875,2,4,8,NA,shou3,biao3,NA,15,11,NA,1398.091915,1833.396333,NA,2305.51194,1836.645566,NA,6.5,7.5,NA
风车,feng1che1,windmill,2,1.35679588,0.37232197,3.132769005,1.5911,7.125,0,4,4,NA,feng1,che1,NA,21,12,NA,867.7127801,1045.048261,NA,1409.316233,1045.020679,NA,6.5,6.5,NA
南瓜,nan2gua1,pumpkin,2,1.392285511,0.37881301,3.143975373,2.179,6.260869565,0,9,5,NA,nan2,gua1,NA,18,7,NA,1064.734713,58.07718497,NA,1971.31,83.53623915,NA,6.5,7,NA
牙齿,ya2chi3,teeth,2,8.035216379,0.955938558,3.905010067,2.7275,8.318181818,0,4,8,NA,ya2,chi3,NA,17,11,NA,156.1340658,42.80107975,NA,216.8052556,137.2104776,NA,6.5,8.5,NA
嘴唇,zui3chun2,lip,2,10.53951032,1.06218738,4.022821239,2.5855,7.5625,0,16,10,NA,zui3,chun2,NA,9,7,NA,96.32328372,30.31003158,NA,96.32328372,192.8396378,NA,7,10,NA
舌头,she2tou5,tongue,2,4.565422488,0.745498139,3.659530839,2.6365,5.85,2,6,5,NA,she2,tou2,NA,13,9,NA,13.46918173,1185.230139,NA,83.53623915,1183.902864,NA,7,6.5,NA
面包,mian4bao1,bread,2,15.00028389,1.204127688,4.176089134,2.8633,6.8,0,9,5,NA,mian4,bao1,NA,9,22,NA,2708.161227,585.9659138,NA,2707.963448,706.3032511,NA,7,6.5,NA
骨头,gu3tou5,bone,2,6.229795167,0.859125993,3.79450051,2.7803,6.55,1,9,5,NA,gu3,tou2,NA,22,9,NA,161.09806,1185.230139,NA,279.7327453,1183.902864,NA,8,6.5,NA
葡萄,pu2tao2,grape,2,28.86034965,1.475094889,4.460278592,2.1931,6.739130435,1,12,11,NA,pu2,tao2,NA,20,21,NA,37.32447359,37.32447359,NA,1852.070342,238.0947968,NA,7.5,7.5,NA
骷髅,ku1lou2,skeleton,2,1.006449526,0.302428239,3.003147803,1.9345,10.22222222,0,14,18,NA,ku1,lou2,NA,20,10,NA,0.74402732,0.820044578,NA,103.1009286,234.3141155,NA,NA,NA,NA
雕像,diao1xiang4,statue,2,4.557232574,0.744858573,3.658751214,2.2253,10.19047619,1,16,13,NA,diao1,xiang4,NA,11,9,NA,71.02231853,536.8184021,NA,83.15480742,2986.348737,NA,9,7,NA
陀螺,tuo2luo2,spinning top,2,1.722612073,0.434985766,3.236380157,1.3979,8.652173913,1,7,17,NA,tuo2,luo2,NA,16,16,NA,6.887970821,28.94844813,NA,18.4493212,555.4426303,NA,8,8,NA
警察,jing3cha2,policeman,2,36.87099629,1.57830673,4.566658901,3.4447,7.7,1,19,14,NA,jing3,cha2,NA,12,18,NA,141.7809312,228.3659333,NA,547.6067983,949.2436436,NA,9,7.5,NA
书架,shu1jia4,bookshelf,2,2.78184105,0.577703272,3.444437663,1.716,9.6,5,4,9,NA,shu1,jia4,NA,22,7,NA,1195.624994,147.6470417,NA,1634.862801,1221.117684,NA,6.5,7,NA
罗汉,luo2han4,arhat,2,2.710861788,0.569474779,3.433216446,1,NA,1,8,5,NA,luo2,han4,NA,16,26,NA,473.4771903,307.9903109,NA,3.331304962,448.4755851,NA,9.5,8.5,NA
汽车,qi4che1,carpet,2,120.0659705,2.083022088,5.079386537,3.1169,5.882352941,1,7,4,NA,qi4,che1,NA,16,12,NA,250.5804632,1045.048261,NA,358.5982957,1045.020679,NA,7,6.5,NA
地球,di4qiu2,earth,2,41.15432171,1.624842106,4.614388361,2.9827,6.842105263,3,6,11,NA,di4,qiu2,NA,17,6,NA,4392.326938,600.3237575,NA,7236.13,1531.866816,NA,6.5,7,NA
灯泡,deng1pao4,bulb,2,2.040198768,0.482901979,3.309829456,2.0719,7.473684211,2,6,8,NA,deng1,pao4,NA,20,22,NA,134.7880162,45.19125069,NA,361.5986229,41.57538555,NA,6.5,7,NA
钢笔,gang1bi3,pen,2,1.697132338,0.430902256,3.229911822,1.8195,7.84,2,9,10,NA,gang1,bi3,NA,24,15,NA,139.8233186,226.9518777,NA,491.6607874,1366.046941,NA,7.5,6.5,NA
绵羊,mian2yang2,sheep,2,2.385085179,0.529569601,3.37763287,1.8513,8.576923077,2,11,6,NA,mian2,yang2,NA,9,17,NA,16.50045398,85.11914718,NA,115.7312296,937.9237994,NA,8,7,NA
纺车,fang3che1,carriage,2,0.54963428,0.190229215,2.740755557,0,NA,0,7,4,NA,fang3,che1,NA,20,12,NA,68.32673311,1045.048261,NA,445.3427322,1045.020679,NA,8,6.5,NA
苍蝇,cang1ying5,fly,2,3.544413114,0.657477804,3.549619131,2.3118,5.1,1,7,14,NA,cang1,ying2,NA,23,4,NA,21.59697385,4.18834909,NA,85.05389343,923.8269707,NA,7.5,9.5,NA
枕头,zhen3tou5,pillow,2,3.621762309,0.664807607,3.55899236,2.5198,6.681818182,0,8,5,NA,zhen3,tou2,NA,13,9,NA,15.65686423,1185.230139,NA,711.6284955,1183.902864,NA,10.5,6.5,NA
气球,qi4qiu2,ballon,2,3.774640718,0.678940697,3.576943617,2.2695,5.31578947,7,4,11,NA,qi4,qiu2,NA,16,6,NA,1126.97132,600.3237575,NA,2698.233239,1531.866816,NA,6.5,7,NA
裙子,qun2zi5,skirt,2,3.492543654,0.652492306,3.543218294,2.7917,6.4375,0,12,3,NA,qun2,zi,NA,2,6,NA,10.35785592,3310.14391,NA,487.0149893,825.9382697,NA,7,6.5,NA
花朵,hua1duo3,flower,2,4.701011077,0.755951885,3.672238644,1.9777,5.736842105,1,7,6,NA,hua1,duo3,NA,7,12,NA,618.8457324,43.20202033,NA,617.5130758,62.50838565,NA,6.5,7,NA
梯子,ti1zi5,ladder,2,1.800871259,0.447293147,3.255665373,2.1523,6.695652174,7,11,3,NA,ti1,zi,NA,14,6,NA,23.58351334,3310.14391,NA,52.15658421,825.9382697,NA,7.5,6.5,NA
铅笔,qian1bi3,pencil,2,3.384254781,0.641895784,3.529543122,2.1931,6.5,2,10,10,NA,qian1,bi3,NA,9,15,NA,17.87616453,226.9518777,NA,643.2782172,1366.046941,NA,7,6.5,NA
领带,ling3dai4,tie,2,3.700021494,0.672099844,3.568274355,2.5105,11.60869565,1,11,9,NA,ling3,dai4,NA,15,20,NA,965.031688,644.4366395,NA,1003.359859,3264.117142,NA,7,7,NA
蘑菇,mo2gu5,mushroom,2,2.641702508,0.561304465,3.421996794,2.1239,7.3,1,19,11,NA,mo2,gu1,NA,16,11,NA,2.412370677,4.12847709,NA,429.4665616,279.7327453,NA,8,8,NA
拇指,mu3zhi3,thumb,2,3.941168985,0.693829707,3.59568863,2.0969,5.666666667,4,8,9,NA,mu3,zhi3,NA,21,12,NA,4.4036192,953.2093227,NA,424.2489523,5144.921335,NA,11,7.5,NA
口哨,kou3shao4,whistle,2,1.426865151,0.385045645,3.154623126,1.9956,NA,2,3,10,NA,kou3,shao4,NA,16,23,NA,1067.071066,21.28012315,NA,1064.662059,16.8004867,NA,6.5,8,NA
猴子,hou2zi5,monkey,2,4.166846636,0.713225571,3.61986566,2.616,6.47826087,4,12,3,NA,hou2,zi,NA,11,6,NA,18.45672111,3310.14391,NA,39.6534271,825.9382697,NA,7,6.5,NA
盒子,he2zi5,box,2,3.521663351,0.655298225,3.546823354,2.8609,7.7,4,11,3,NA,he2,zi,NA,11,6,NA,27.28077749,3310.14391,NA,1153.650014,825.9382697,NA,8,6.5,NA
火柴,huo3chai2,match,2,3.329655349,0.636453327,3.522481268,2.1847,6.217391304,0,4,10,NA,huo3,chai2,NA,12,12,NA,502.9416139,35.40184241,NA,6.445321656,37.22894748,NA,6.5,7.5,NA
楼梯,lou2ti1,staircase,2,7.84775833,0.946833252,3.894759286,2.7372,7.772727273,0,13,11,NA,lou2,ti1,NA,10,14,NA,229.6656266,23.58351334,NA,234.3141155,52.15658421,NA,7.5,7.5,NA
字典,zi4dian3,dictionary,2,2.842810415,0.584648959,3.453850204,2.0792,8.428571429,3,6,8,NA,zi4,dian3,NA,10,8,NA,574.2289838,232.2448316,NA,3827.200516,1767.211537,NA,6.5,8.5,NA
佛像,fo2xiang4,buddha statue,2,3.53804318,0.656868624,3.548838125,1.0792,9.052631579,1,7,13,NA,fu2,xiang4,NA,12,9,NA,174.6042413,536.8184021,NA,1572.505777,2986.348737,NA,8,7,NA
打火机,da3huo3ji1,lighter,3,1.007359517,0.302625161,3.003539943,1.9731,7.434782609,0,5,4,6,da3,huo3,ji1,21,12,14,838.1245761,502.9416139,2181.919987,1085.856747,6.445321656,4380.783078,6.5,6.5,7
蛋糕,dan4gao1,cake,2,3.740971068,0.675867305,3.573053288,2.9186,6.789473684,1,11,16,NA,dan4,gao1,NA,23,22,NA,119.7076722,20.51927786,NA,1771.029891,2207.212207,NA,8,8,NA
肺,fei4,lungs,1,30.07700699,1.492439186,4.478211066,2.5843,NA,9,8,NA,NA,fei4,NA,NA,9,NA,NA,34.81724952,NA,NA,964.9563435,NA,NA,NA,NA,NA
弓,gong1,bow,1,12.75351728,1.138413777,4.105624271,1.9395,NA,13,3,NA,NA,gong1,NA,NA,15,NA,NA,14.03762937,NA,NA,7625.205023,NA,NA,7,NA,NA
狗,gou3,dog,1,50.60275338,1.712672875,4.704145268,3.4195,NA,15,8,NA,NA,gou3,NA,NA,15,NA,NA,47.08630038,NA,NA,53.70652901,NA,NA,6.5,NA,NA
狗屋,gou3wu1,doghouse,2,NA,NA,NA,NA,NA,NA,8,9,NA,gou3,wu1,NA,NA,NA,NA,47.08630038,182.8773407,NA,53.70652901,393.0368044,NA,6.5,7.5,NA
鼓,gu3,drum,1,115.8690942,2.067699678,5.063934332,2.4639,NA,21,13,NA,NA,gu3,NA,NA,22,NA,NA,166.3392145,NA,NA,1277.293765,NA,NA,7.5,NA,NA
罐子,guan4zi5,jar,2,1.091078645,0.320370367,3.038181428,2.3222,NA,5,23,3,NA,guan4,zi,NA,14,6,NA,22.4089458,3310.14391,NA,280.2709205,825.9382697,NA,9,6.5,NA
核桃,he2tao5,walnut,2,2.76455123,0.575713212,3.441730882,1.7404,6.666666667,0,10,10,NA,he2,tao2,NA,11,10,NA,244.6800441,48.29584932,NA,516.9126441,238.0947968,NA,9,6.5,NA
胡萝卜,hu2luo2bo5,carrot,3,2.912879686,0.592496494,3.46442151,2.1335,NA,0,9,11,2,hu2,luo2,bo5,21,16,13,164.7778335,10.40427353,13.12474956,508.6388719,555.4426303,19.33,7.5,8.5,8.5
滑雪板,hua2xue3ban3,snowboard,3,0.30939678,0.117071269,2.491754561,1.3802,NA,0,12,11,8,hua2,xue3,ban3,3,4,24,95.89207078,140.2747131,229.1301422,1277.293765,140.4758561,1047.708192,7.5,6.5,8
活页夹,huo2ye4jia1,loose-lead binder,3,0.0282,0.0121,1.464150161,0.6021,NA,NA,9,6,6,huo2,ye4,jia1,NA,NA,NA,1384.351627,235.9017326,48.52995556,56.05499137,2678.169392,9.082380511,6.5,8,7
火腿,huo3tui3,ham,2,2.922889582,0.593606084,3.465910908,2.2553,7.476190476,1,4,13,NA,huo3,tui3,NA,12,11,NA,502.9416139,56.63891154,NA,6.445321656,56.63891154,NA,6.5,7,NA
剑,jian4,sword,1,66.32101981,1.828150686,4.821620464,2.5038,NA,5,9,NA,NA,jian4,NA,NA,5,NA,NA,66.5191369,NA,NA,4819.03266,NA,NA,9,NA,NA
箭头,jian4tou2,arrow,2,1.564273721,0.408964382,3.194528629,1.6628,8.473684211,1,15,5,NA,jian4,tou2,NA,5,11,NA,49.09369417,1185.230139,NA,4819.03266,1183.902864,NA,8,6.5,NA
金字塔,jin1zi4ta3,pyramid,3,3.443404165,0.647715818,3.537066066,1.8976,9.421052632,1,8,6,12,jin1,zi4,ta3,9,10,20,1142.240698,574.2289838,120.5411712,2422.279829,3827.200516,70.70344968,6.5,6.5,8
冷杉,leng3shan1,fir,2,0.508684706,0.178598488,2.707188209,0.4771,NA,1,7,7,NA,leng3,shan1,NA,13,24,NA,208.448739,5.975091008,NA,208.448739,557.9175639,NA,7.5,7.5,NA
梨,li2,pear,1,11.25567286,1.08833716,4.051369882,1.8865,NA,16,11,NA,NA,li2,NA,NA,16,NA,NA,12.08943487,NA,NA,694.8488631,NA,NA,7.5,NA,NA
立方体,li4fang1ti3,cube,3,0.264807244,0.102024344,2.424383034,1.1139,10.36,1,5,4,7,li4,fang1,ti3,18,23,15,1482.573325,3232.820232,2234.908725,6647.206002,3241.529253,70.00920357,6.5,6.5,7
淋浴,lin2yu4,shower,2,1.166607859,0.335780314,3.067226839,2.0531,9.45,0,11,10,NA,lin2,yu4,NA,10,6,NA,40.55688884,29.38975185,NA,927.0943674,1980.039678,NA,7.5,8,NA
笼子,long2zi5,cage,2,2.089338257,0.489865462,3.320161178,2.3118,6,1,11,3,NA,long2,zi,NA,13,6,NA,35.51284106,3310.14391,NA,338.4321954,825.9382697,NA,7.5,6.5,NA
螺丝刀,luo2si1dao1,screwdriver,3,0.161978314,0.0652,2.211853213,1.5911,NA,0,17,5,2,luo2,si1,dao1,16,10,23,28.94844813,145.3947782,98.29704155,555.4426303,2878.815262,102.0117964,8,8,6.5
驴,lv2,donkey,1,11.42948106,1.094452997,4.058024398,2.1523,NA,8,7,NA,NA,lv2,NA,NA,9,NA,NA,11.90309168,NA,NA,14.16813687,NA,NA,9,NA,NA
滤盆,lv4pen2,strainer filter,2,NA,NA,NA,NA,NA,NA,13,9,NA,lv4,pen2,NA,NA,NA,NA,17.6178404,50.97327132,NA,1016.161703,50.97327132,NA,NA,7,NA
马鞍,ma3an1,saddle,2,1.684392471,0.428846012,3.226641165,1.5185,NA,0,3,15,NA,ma3,an1,NA,21,8,NA,1015.390094,13.25794794,NA,1130.365187,1153.650014,NA,6.5,15,NA
摩托车,mo2tuo1che1,motorbike,3,8.291833708,0.968101429,3.918661553,2.4014,9.25,0,15,6,4,mo2,tuo1,che1,16,17,12,56.40749617,253.6144264,1045.048261,166.0748359,508.3617117,1045.020679,7.5,7.5,6.5
柠檬,ning2meng2,lemmon,2,2.603482906,0.556722466,3.415669812,2.29,9.055555556,1,9,17,NA,ning2,meng2,NA,12,17,NA,2.857710719,2.857710719,NA,616.0055123,228.165463,NA,12.5,12.5,NA
牛,niu2,cattle,1,128.8928786,2.113585342,5.110195299,2.9643,NA,6,4,NA,NA,niu2,NA,NA,7,NA,NA,161.4081835,NA,NA,161.4081835,NA,NA,6.5,NA,NA
螃蟹,pang2xie4,crab,2,1.750821779,0.439462454,3.243430916,1.9868,7.25,1,16,19,NA,pang2,xie4,NA,20,12,NA,1.29431154,2.337698858,NA,62.40142332,352.0305392,NA,7.5,7.5,NA
皮带,pi2dai4,belt,2,2.355055491,0.525699708,3.372132233,2.2601,7.947368421,4,5,9,NA,pi2,dai4,NA,15,20,NA,264.2756786,644.4366395,NA,336.007043,3264.117142,NA,6.5,7,NA
桥,qiao2,bridge,1,117.5907963,2.074050985,5.070340002,2.6721,NA,10,10,NA,NA,qiao2,NA,NA,11,NA,NA,137.9504686,NA,NA,210.5671314,NA,NA,6.5,NA,NA
青蛙,qing1wa1,frog,2,1.984689346,0.474899135,3.297854929,2.1553,7.45,0,8,12,NA,qing1,wa1,NA,11,22,NA,899.2128517,2.599386586,NA,6299.095397,2121.304633,NA,6.5,6.5,NA
伞,san3,umbrella,1,18.06968195,1.28034345,4.256935689,2.1038,NA,22,6,NA,NA,san3,NA,NA,22,NA,NA,20.70225745,NA,NA,177.8837469,NA,NA,6.5,NA,NA
鲨鱼,sha1yu2,shark,2,2.153037594,0.498729149,3.33319844,2.3139,7.3,2,15,8,NA,sha1,yu2,NA,23,8,NA,1.622598459,156.4488983,NA,557.9175639,4175.387138,NA,8.5,6.5,NA
山,shan1,mountain,1,704.7922153,2.848676864,5.848024969,3.0398,NA,21,3,NA,NA,shan1,NA,NA,24,NA,NA,1002.2048,NA,NA,1059.740446,NA,NA,6.5,NA,NA
手推车,shou3tui1che1,handcart,3,0.476835038,0.169331987,2.679159486,1.8062,9.8,0,4,11,4,shou3,tui1,che1,15,11,12,1398.091915,597.3402483,1045.048261,2305.51194,597.42232,1045.020679,6.5,8.5,6.5
手杖,shou3zhang4,walking stick,2,1.66528267,0.425743275,3.221688527,1.4914,NA,3,4,7,NA,shou3,zhang4,NA,15,23,NA,1398.091915,3.940115744,NA,2305.51194,350.7792817,NA,6.5,11,NA
水龙头,shui3long2tou2,faucet,3,1.979229402,0.474103945,3.296659073,1.7634,7.318181818,0,4,5,5,shui3,long2,tou2,12,13,11,1518.431943,251.9521375,1185.230139,1514.35392,338.4321954,1183.902864,6.5,7.5,6.5
兔子,tu4zi5,rabbit,2,3.205896637,0.623858595,3.506036082,2.5575,5,8,8,3,NA,tu4,zi,NA,25,6,NA,15.79409893,3310.14391,NA,11.97641806,825.9382697,NA,6.5,6.5,NA
拖拉机,tuo1la1ji1,tractor,3,4.666431437,0.753309638,3.669032881,1.716,NA,0,8,8,6,tuo1,la1,ji1,17,23,14,56.19895326,691.3298695,2181.919987,137.2104776,707.4145831,4380.783078,8,7.5,7
望远镜,wang4yuan3jing4,telescope,3,5.743860225,0.82890856,3.759235972,2.0755,NA,0,11,7,16,wang4,yuan3,jing4,22,4,11,616.801339,453.5747958,84.36704723,784.5848814,453.5747958,1155.543045,7,6.5,7
洗手池,xi3shou3chi2,sink,3,NA,NA,NA,NA,NA,NA,9,4,6,xi3,shou3,chi2,NA,NA,NA,136.9696442,1398.091915,71.90492598,483.6217942,2305.51194,147.3967902,7,6.5,7
橡皮擦,xiang4pi2ca1,eraser,3,0.0646,0.0272,1.816332679,0.6021,NA,0,15,5,17,xiang4,pi2,ca1,9,15,19,11.2169182,264.2756786,40.59187023,2986.348737,336.007043,40.59187023,8,6.5,7
靴子,xue1zi5,boot,2,2.012899052,0.478984581,3.303981596,2.4048,10.77777778,1,13,3,NA,xue1,zi,NA,6,6,NA,3.102580469,3310.14391,NA,31.3009468,825.9382697,NA,8.5,6.5,NA
雪橇,xue3qiao1,sleigh,2,1.210287405,0.344448749,3.083178238,1.9494,NA,0,11,16,NA,xue3,qiao1,NA,4,13,NA,140.2747131,0.894716397,NA,140.4758561,72.08588742,NA,6.5,NA,NA
鸭子,ya1zi5,duck,2,2.64534247,0.561738335,3.422594585,2.3075,6.45,3,10,3,NA,ya1,zi,NA,22,6,NA,22.25287497,3310.14391,NA,507.5093766,825.9382697,NA,6.5,6.5,NA
烟灰缸,yan1hui1gang1,ashtray,3,0.317586695,0.119779201,2.503068227,1.8692,NA,0,10,6,9,yan1,hui1,gang1,23,11,24,166.3755413,85.68288578,12.26366911,196.0700349,488.9234934,491.6607874,7.5,7.5,9
阳台,yang2tai2,balcony,2,6.555571777,0.878267336,3.816634167,2.2455,9.043478261,1,6,5,NA,yang2,tai2,NA,17,13,NA,393.2823469,754.7228808,NA,937.9237994,1147.010949,NA,7,6.5,NA
音符,yin1fu2,musical note,2,1.643442897,0.422169933,3.215958335,1.7559,12.63157895,3,9,11,NA,yin1,fu2,NA,7,20,NA,527.7642758,66.4908827,NA,2432.754739,1600.458601,NA,6.5,8,NA
长颈鹿,chang2jing3lu4,giraffe,3,0.434975473,0.156844478,2.639335696,1.6335,8.260869565,0,4,11,11,zhang3,jing3,lu4,21,12,26,2093.408318,10.81463218,20.56704091,2883.387734,32.5057867,1665.493047,6.5,8,7
注射器,zhu4she4qi4,syringe,3,0.49776482,0.175443625,2.697780741,1.8976,9.85,0,8,10,16,zhu4,she4,qi4,24,19,16,524.1901193,296.1699636,607.9732463,100.4403246,3806.927453,2043.04453,7,8,7
自行车,zi4xing2che1,bike,3,16.68467637,1.247597117,4.222304783,2.5821,NA,0,6,6,4,zi4,xing2,che1,10,10,12,3279.201523,3796.253419,1045.048261,3827.200516,2278.263453,1045.020679,6.5,7,6.5
棕榈树,zong1lǘshu4,palm tree,3,0.407675757,0.148502631,2.611246523,NA,NA,NA,12,13,9,zong1,lv2,shu4,NA,NA,NA,6.974078865,1.831141379,256.7869696,362.9951877,14.16813687,2515.655258,8.5,NA,6.5
猩猩,xing1xing1,gorilla,2,2.224926846,0.508519868,3.347456635,1.9031,NA,3,12,12,NA,xing1,xing1,NA,10,10,NA,5.652185842,5.652185842,NA,1093.357565,1093.357565,NA,7.5,7.5,NA
胶囊,jiao1ng2,capsule,2,2.167597442,0.500729984,3.336124225,1.415,9.31578947,2,10,22,NA,jiao1,ng2,NA,14,19,NA,70.30654541,16.95252121,NA,2072.178649,0.734609253,NA,9,9.5,NA
桥梁,qiao2liang2,bridge,2,11.02635525,1.080134028,4.042431131,1.8388,9.8125,0,10,11,NA,qiao2,liang2,NA,11,8,NA,137.9504686,88.18405538,NA,210.5671314,615.6435895,NA,6.5,7.5,NA
板车,ban3che1,dray,2,0.935470265,0.286786503,2.971415557,0.699,NA,4,8,4,NA,ban3,che1,NA,24,12,NA,229.1301422,1045.048261,NA,1047.708192,1045.020679,NA,8,6.5,NA
针管,zhen1guan3,needle tube,2,0.170168229,0.0682,2.233158032,NA,NA,NA,7,14,NA,zhen1,guan3,NA,NA,NA,NA,197.0871862,1158.543372,NA,1154.050954,1449.496399,NA,7.5,8,NA
酒瓶,jiu3ping2,wine bottle,2,2.449694506,0.537780637,3.389236536,2.0969,7.19047619,0,10,10,NA,jiu3,ping2,NA,8,11,NA,251.1603471,43.78459506,NA,883.4241345,2124.169744,NA,9,9.5,NA
汉堡,han4bao3,hamburger,2,3.762810841,0.677863333,3.575580712,2.5933,11.40909091,0,5,12,NA,han4,bao3,NA,26,23,NA,307.9903109,70.44378011,NA,448.4755851,1659.514592,NA,8.5,8,NA
海马,hai3ma3,seahorse,2,0.957310037,0.291659623,2.981428554,1.2553,10.10526316,2,10,3,NA,hai3,ma3,NA,17,21,NA,1301.035367,1015.390094,NA,1301.035367,1130.365187,NA,6.5,6.5,NA
烤箱,kao3xiang1,oven,2,0.468645123,0.166916867,2.671649884,2.1703,NA,1,10,15,NA,kao3,xiang1,NA,22,8,NA,18.66257315,123.1385396,NA,543.5045572,2292.646187,NA,8,9,NA
灶台,zao4tai2,hobs,2,0.402215814,0.146814861,2.605403909,0.699,8.807692308,1,7,5,NA,zao4,tai2,NA,23,13,NA,14.13450092,754.7228808,NA,930.3133282,1147.010949,NA,10,6.5,NA
烧杯,shao1bei1,beaker,2,0.061,0.0257,1.791509095,0.8451,NA,1,10,8,NA,shao1,bei1,NA,23,9,NA,117.2226479,97.62701333,NA,184.7622996,273.1575888,NA,7.5,8,NA
绷带,beng1dai4,bandage,2,1.166607859,0.335780314,3.067226839,2.1523,11.45454545,3,11,9,NA,beng1,dai4,NA,20,20,NA,6.032272131,644.4366395,NA,28.24949299,3264.117142,NA,11,7,NA
竹排,zhu2pai2,bamboo raft,2,0.124668703,0.051,2.098879269,NA,NA,NA,6,11,NA,zhu2,pai2,NA,NA,NA,NA,63.51275526,349.5616601,NA,188.2570753,309.2462774,NA,6.5,7,NA
手指,shou3zhi3,finger,2,16.73199587,1.248757622,4.223534677,2.8351,5.722222222,0,4,9,NA,shou3,zhi3,NA,15,12,NA,1398.091915,953.2093227,NA,2305.51194,5144.921335,NA,6.5,7.5,NA
扁担,bian3dan5,shoulder pole,2,1.022829356,0.305959248,3.010152705,0,NA,0,9,8,NA,bian3,dan1,NA,5,23,NA,14.75272977,306.8991605,NA,1072.575926,989.7298969,NA,7.5,7.5,NA
水池,shui3chi2,pool,2,3.403364582,0.643784645,3.531987891,2.0334,7.473684211,0,4,6,NA,shui3,chi2,NA,12,8,NA,1518.431943,71.90492598,NA,1514.35392,147.3967902,NA,6.5,7,NA
气泡,qi4pao4,bubble,2,1.594303408,0.414020766,3.202782098,1.716,9.727272727,2,4,8,NA,qi4,pao4,NA,16,22,NA,1126.97132,45.19125069,NA,2698.233239,41.57538555,NA,6.5,7,NA
口红,kou3hong2,lipstick,2,1.455984848,0.390225683,3.163391514,2.1523,10.86956522,1,3,6,NA,kou3,hong2,NA,16,11,NA,1067.071066,456.7480118,NA,1064.662059,7625.205023,NA,6.5,6.5,NA
吊车,diao4che1,lift,2,0.722532481,0.23616742,2.859367311,1.1139,8.705882353,2,6,4,NA,diao4,che1,NA,10,12,NA,32.69414805,1045.048261,NA,901.0715746,1045.020679,NA,9.5,6.5,NA
小丑,xiao3chou3,clown,2,1.891870312,0.461178813,3.277063517,2.6884,7.894736842,1,3,4,NA,xiao3,chou3,NA,14,16,NA,2111.863694,36.08061598,NA,2138.816184,40.75534098,NA,6.5,9.5,NA
刀子,dao1zi5,knife,2,2.509753881,0.545276663,3.399751883,2.356,7,7,2,3,NA,dao1,zi,NA,23,6,NA,98.29704155,3310.14391,NA,102.0117964,825.9382697,NA,6.5,6.5,NA
月牙,yue4ya2,moon,2,0.994619649,0.299860093,2.998017504,0.6021,NA,0,4,4,NA,yue4,ya2,NA,1,17,NA,1819.101052,156.1340658,NA,1393.875312,216.8052556,NA,6.5,6.5,NA
钟,zhong1,clock,1,150.6161726,2.180745529,5.177837541,3.1847,NA,13,9,NA,NA,zhong1,NA,NA,15,NA,NA,197.3475285,NA,NA,7862.335814,NA,NA,7,NA,NA
恐龙,kong3long2,dinosaur,2,4.161386693,0.712766398,3.619296343,2.0899,8.173913043,1,10,5,NA,kong3,long2,NA,13,13,NA,133.7930646,251.9521375,NA,246.6881106,338.4321954,NA,7.5,7.5,NA
孔雀,kong3que4,peacock,2,3.516203407,0.654773494,3.546149681,1.5563,8.66666667,0,4,11,NA,kong3,que4,NA,13,7,NA,112.8950459,9.858698348,NA,246.6881106,72.08588742,NA,7.5,7.5,NA
盘子,pan2zi5,plate,2,3.207716618,0.624046483,3.50628249,2.5611,7.25,6,11,3,NA,pan2,zi,NA,19,6,NA,162.829639,3310.14391,NA,165.9510556,825.9382697,NA,8.5,6.5,NA
公路,gong1lu4,road,2,46.23024889,1.674220234,4.66489809,2.7443,8.894736842,10,4,13,NA,gong1,lu4,NA,15,26,NA,2611.330713,1026.234326,NA,7625.205023,1665.493047,NA,6.5,6.5,NA
音箱,yin1xiang1,soundbox,2,2.588013067,0.554854016,3.413082453,1.1761,10,2,9,15,NA,yin1,xiang1,NA,7,8,NA,527.7643,123.1385,NA,2432.755,2292.646,NA,6.5,9,NA
